SDG Indicator,Rank,Correlation Rank,Relative Rank,Weight,WDI,,,,,,
SH_STA_MORT,0,1,1,114.9487866,"Maternal mortality ratio (national estimate, per 100,000 live births)",,,,,,
SH_STA_MORT,1,2,3,114.7270617,"Mortality rate, under-5 (per 1,000 live births)",,,,,,
SH_STA_MORT,2,3,5,114.6825562,"Mortality rate, infant (per 1,000 live births)",,,,,,
SH_STA_MORT,3,14,17,114.6070649,Poverty headcount ratio at $3.20 a day (2011 PPP) (% of population),,,,,,
SH_STA_MORT,4,7,11,114.5936769,"Mortality rate, neonatal (per 1,000 live births)",,,,,,
SH_STA_MORT,5,17,22,114.5860361,Poverty gap at $5.50 a day (2011 PPP) (%),,,,,, 
SH_STA_MORT,6,6,12,114.4538032,Poverty gap at $3.20 a day (2011 PPP) (%),,,,,,
SH_STA_MORT,7,8,15,114.45325,"Probability of dying among adolescents ages 15-19 years (per 1,000)",,,,,,
SH_STA_MORT,8,10,18,114.4475178,Poverty headcount ratio at $1.90 a day (2011 PPP) (% of population),,,,,,
SH_STA_MORT,9,15,24,114.4186509,"Access to electricity, urban (% of urban population)",,,,,,
SH_STA_MORT,10,5,15,114.4179572,"Probability of dying among children ages 5-9 years (per 1,000)",,,,,,
SH_STA_MORT,11,0,11,114.4019978,Lifetime risk of maternal death (%),,,,,,
SH_STA_MORT,12,4,16,114.3663666,Access to electricity (% of population),,,,,,
SH_STA_MORT,13,18,31,114.3311992,Births attended by skilled health staff (% of total),,,,,,
SH_STA_MORT,14,12,26,114.321773,"Life expectancy at birth, total (years)",,,,,,
SH_STA_MORT,15,19,34,114.2864795,People using at least basic drinking water services (% of population),,,,,,
SH_STA_MORT,16,9,25,114.2749838,"Survival to age 65, female (% of cohort)",,,,,,
SH_STA_MORT,17,13,30,114.273171,"Access to electricity, rural (% of rural population)",,,,,,
SH_STA_MORT,18,16,34,114.2460917,"People using at least basic sanitation services, urban (% of urban population)",,,,,,
SH_STA_MORT,19,11,30,113.8672399,"School enrollment, secondary (% net)",,,,,,
SH_DYN_IMRT,0,10,10,19.95769063,Prevalence of anemia among children (% of children under 5),,,,,,
SH_DYN_IMRT,1,9,10,19.92442011,Poverty headcount ratio at $5.50 a day (2011 PPP) (% of population),,,,,,
SH_DYN_IMRT,2,0,2,19.86063603,"Mortality rate, neonatal (per 1,000 live births)",,,,,,
SH_DYN_IMRT,3,16,19,19.84316323,Access to electricity (% of population),,,,,,
SH_DYN_IMRT,4,7,11,19.82472616,"Maternal mortality ratio (modeled estimate, per 100,000 live births)",,,,,,
SH_DYN_IMRT,5,8,13,19.81210214,"Birth rate, crude (per 1,000 people)",,,,,,
SH_DYN_IMRT,6,15,21,19.7989773,People using at least basic drinking water services (% of population),,,,,,
SH_DYN_IMRT,7,4,11,19.79174922,Poverty gap at $5.50 a day (2011 PPP) (%),,,,,,
SH_DYN_IMRT,8,17,25,19.7881604,"Probability of dying among adolescents ages 15-19 years (per 1,000)",,,,,,
SH_DYN_IMRT,9,11,20,19.78268445,"Fertility rate, total (births per woman)",,,,,,
SH_DYN_IMRT,10,5,15,19.780787,Poverty headcount ratio at $3.20 a day (2011 PPP) (% of population),,,,,,
SH_DYN_IMRT,11,18,29,19.77902329,"Access to electricity, rural (% of rural population)",,,,,,
SH_DYN_IMRT,12,19,31,19.77892413,Lifetime risk of maternal death (%),,,,,,
SH_DYN_IMRT,13,6,19,19.77886418,"Probability of dying among children ages 5-9 years (per 1,000)",,,,,,
SH_DYN_IMRT,14,3,17,19.75480172,"School enrollment, secondary (% net)",,,,,,
SH_DYN_IMRT,15,12,27,19.74732738,Poverty gap at $3.20 a day (2011 PPP) (%),,,,,,
SH_DYN_IMRT,16,1,17,19.73605328,"Life expectancy at birth, total (years)",,,,,,
SH_DYN_IMRT,17,2,19,19.73172324,"Survival to age 65, female (% of cohort)",,,,,,
SH_DYN_IMRT,18,13,31,19.71663288,"School enrollment, secondary (% gross)",,,,,,
SH_DYN_IMRT,19,14,33,19.67773716,People using at least basic sanitation services (% of population),,,,,,
SH_DYN_MORT,0,15,15,51.7996759,Prevalence of anemia among children (% of children under 5),,,,,,
SH_DYN_MORT,1,1,2,51.73385488,"Mortality rate, neonatal (per 1,000 live births)",,,,,,
SH_DYN_MORT,2,11,13,51.6502551,"Birth rate, crude (per 1,000 people)",,,,,,
SH_DYN_MORT,3,4,7,51.61151369,"Maternal mortality ratio (modeled estimate, per 100,000 live births)",,,,,,
SH_DYN_MORT,4,16,20,51.58697578,People using at least basic drinking water services (% of population),,,,,,
SH_DYN_MORT,5,13,18,51.54212813,Access to electricity (% of population),,,,,,
SH_DYN_MORT,6,12,18,51.53304208,"Probability of dying among adolescents ages 15-19 years (per 1,000)",,,,,,
SH_DYN_MORT,7,9,16,51.5223459,"Fertility rate, total (births per woman)",,,,,,
SH_DYN_MORT,8,0,8,51.51049533,"Probability of dying among children ages 5-9 years (per 1,000)",,,,,,
SH_DYN_MORT,9,7,16,51.50545396,Lifetime risk of maternal death (%),,,,,,
SH_DYN_MORT,10,6,16,51.49173957,Poverty gap at $5.50 a day (2011 PPP) (%),,,,,,
SH_DYN_MORT,11,8,19,51.46890684,Poverty headcount ratio at $3.20 a day (2011 PPP) (% of population),,,,,,
SH_DYN_MORT,12,2,14,51.45134476,"Life expectancy at birth, total (years)",,,,,,
SH_DYN_MORT,13,17,30,51.4487037,"Access to electricity, rural (% of rural population)",,,,,,
SH_DYN_MORT,14,10,24,51.41951373,Poverty gap at $3.20 a day (2011 PPP) (%),,,,,,
SH_DYN_MORT,15,3,18,51.41196787,"Survival to age 65, female (% of cohort)",,,,,,
SH_DYN_MORT,16,18,34,51.41027404,People using at least basic sanitation services (% of population),,,,,,
SH_DYN_MORT,17,19,36,51.40215443,"Literacy rate, youth total (% of people ages 15-24)",,,,,,
SH_DYN_MORT,18,14,32,51.35879244,Poverty headcount ratio at $1.90 a day (2011 PPP) (% of population),,,,,,
SH_DYN_MORT,19,5,24,51.1815884,"School enrollment, secondary (% net)",,,,,,
SH_DYN_MORTN,0,15,15,5475.64822,Arable land (hectares),,,,,,
SH_DYN_MORTN,1,9,10,5475.645722,Rural population,,,,,,
SH_DYN_MORTN,2,11,13,5475.645649,Land under cereal production (hectares),,,,,,
SH_DYN_MORTN,3,6,9,5475.644811,"Population ages 0-14, total",,,,,,
SH_DYN_MORTN,4,5,9,5475.643466,"Children out of school, primary",,,,,,
SH_DYN_MORTN,5,0,5,5475.642438,Number of neonatal deaths,,,,,,
SH_DYN_MORTN,6,16,22,5475.642435,"Net official flows from UN agencies, UNFPA (current US$)",,,,,,
SH_DYN_MORTN,7,4,11,5475.642413,Number of deaths ages 20-24 years,,,,,,
SH_DYN_MORTN,8,3,11,5475.642413,Number of maternal deaths,,,,,,
SH_DYN_MORTN,9,7,16,5475.642413,"PPG, IDA (DOD, current US$)",,,,,,
SH_DYN_MORTN,10,1,11,5475.642413,Number of deaths ages 10-14 years,,,,,,
SH_DYN_MORTN,11,2,13,5475.642413,Number of deaths ages 15-19 years,,,,,,
SH_DYN_MORTN,12,18,30,5475.642409,Agricultural methane emissions (thousand metric tons of CO2 equivalent),,,,,,
SH_DYN_MORTN,13,14,27,5475.642407,"IBRD loans and IDA credits (DOD, current US$)",,,,,,
SH_DYN_MORTN,14,19,33,5475.642401,"Personal transfers, receipts (BoP, current US$)",,,,,,
SH_DYN_MORTN,15,13,28,5475.642051,"Population, total",,,,,,
SH_DYN_MORTN,16,10,26,5475.641913,"Secondary education, general pupils",,,,,,
SH_DYN_MORTN,17,12,29,5475.641643,"Secondary education, pupils",,,,,,
SH_DYN_MORTN,18,8,26,5475.641596,"Primary education, pupils",,,,,,
SH_DYN_MORTN,19,17,36,5475.639857,"Population ages 15-64, total",,,,,,
SH_DYN_NMRT,0,1,1,31.59205142,"Mortality rate, under-5 (per 1,000 live births)",,,,,,
SH_DYN_NMRT,1,8,9,31.56712026,Prevalence of anemia among children (% of children under 5),,,,,,
SH_DYN_NMRT,2,0,2,31.56087779,"Mortality rate, infant (per 1,000 live births)",,,,,,
SH_DYN_NMRT,3,18,21,31.53856713,"Age dependency ratio, young (% of working-age population)",,,,,,
SH_DYN_NMRT,4,11,15,31.51431458,"Birth rate, crude (per 1,000 people)",,,,,,
SH_DYN_NMRT,5,13,18,31.51330815,"Wage and salaried workers, total (% of total employment) (modeled ILO estimate)",,,,,,
SH_DYN_NMRT,6,19,25,31.49575522,"Fertility rate, total (births per woman)",,,,,,
SH_DYN_NMRT,7,7,14,31.49266766,Poverty headcount ratio at $3.20 a day (2011 PPP) (% of population),,,,,,
SH_DYN_NMRT,8,5,13,31.49252977,Poverty gap at $5.50 a day (2011 PPP) (%),,,,,,
SH_DYN_NMRT,9,3,12,31.49245781,Poverty headcount ratio at $5.50 a day (2011 PPP) (% of population),,,,,,
SH_DYN_NMRT,10,16,26,31.48040378,"Maternal mortality ratio (modeled estimate, per 100,000 live births)",,,,,,
SH_DYN_NMRT,11,4,15,31.47581177,"Life expectancy at birth, total (years)",,,,,,
SH_DYN_NMRT,12,12,24,31.47464862,"Vulnerable employment, total (% of total employment) (modeled ILO estimate)",,,,,,
SH_DYN_NMRT,13,14,27,31.47327282,"Self-employed, total (% of total employment) (modeled ILO estimate)",,,,,,
SH_DYN_NMRT,14,10,24,31.46737381,"Survival to age 65, female (% of cohort)",,,,,,
SH_DYN_NMRT,15,2,17,31.46134173,"School enrollment, secondary (% net)",,,,,,
SH_DYN_NMRT,16,6,22,31.45800022,"School enrollment, secondary (% gross)",,,,,,
SH_DYN_NMRT,17,15,32,31.44679971,"Literacy rate, adult total (% of people ages 15 and above)",,,,,,
SH_DYN_NMRT,18,9,27,31.42733447,People using at least basic sanitation services (% of population),,,,,,
SH_DYN_NMRT,19,17,36,31.38153478,"People using at least basic sanitation services, rural (% of rural population)",,,,,,
SH_DYN_NMRTN,0,15,15,1324.073475,"Population ages 15-64, total",,,,,,
SH_DYN_NMRTN,1,9,10,1324.072972,"Primary education, pupils",,,,,,
SH_DYN_NMRTN,2,12,14,1324.072915,"Secondary education, pupils",,,,,,
SH_DYN_NMRTN,3,10,13,1324.072813,"Secondary education, general pupils",,,,,,
SH_DYN_NMRTN,4,19,23,1324.07266,"Personal transfers, receipts (BoP, current US$)",,,,,,
SH_DYN_NMRTN,5,13,18,1324.07266,"IBRD loans and IDA credits (DOD, current US$)",,,,,,
SH_DYN_NMRTN,6,17,23,1324.072657,Agricultural methane emissions (thousand metric tons of CO2 equivalent),,,,,,
SH_DYN_NMRTN,7,1,8,1324.072655,Number of deaths ages 15-19 years,,,,,,
SH_DYN_NMRTN,8,6,14,1324.072655,Number of maternal deaths,,,,,,
SH_DYN_NMRTN,9,3,12,1324.072655,Number of deaths ages 20-24 years,,,,,,
SH_DYN_NMRTN,10,2,12,1324.072654,Number of deaths ages 5-9 years,,,,,,
SH_DYN_NMRTN,11,5,16,1324.072653,"PPG, IDA (DOD, current US$)",,,,,,
SH_DYN_NMRTN,12,14,26,1324.072647,"Population, total",,,,,,
SH_DYN_NMRTN,13,18,31,1324.072642,"Armed forces personnel, total",,,,,,
SH_DYN_NMRTN,14,0,14,1324.07263,Number of under-five deaths,,,,,,
SH_DYN_NMRTN,15,7,22,1324.072277,"Children out of school, primary",,,,,,
SH_DYN_NMRTN,16,4,20,1324.07177,"Population ages 0-14, total",,,,,,
SH_DYN_NMRTN,17,11,28,1324.071371,Land under cereal production (hectares),,,,,,
SH_DYN_NMRTN,18,8,26,1324.071355,Rural population,,,,,,
SH_DYN_NMRTN,19,16,35,1324.070339,Arable land (hectares),,,,,,
SH_TBS_INCD,0,4,4,486.4485387,"Mortality rate, adult, male (per 1,000 male adults)",,,,,,
SH_TBS_INCD,1,15,16,485.9189394,Poverty headcount ratio at $3.20 a day (2011 PPP) (% of population),,,,,,
SH_TBS_INCD,2,8,10,485.9057734,"Survival to age 65, female (% of cohort)",,,,,,
SH_TBS_INCD,3,12,15,485.9012883,Poverty headcount ratio at $5.50 a day (2011 PPP) (% of population),,,,,,
SH_TBS_INCD,4,9,13,485.8882832,"Prevalence of HIV, male (% ages 15-24)",,,,,,
SH_TBS_INCD,5,1,6,485.878473,"Incidence of HIV, all (per 1,000 uninfected population)",,,,,,
SH_TBS_INCD,6,2,8,485.8780325,"Prevalence of HIV, female (% ages 15-24)",,,,,,
SH_TBS_INCD,7,5,12,485.8718814,"Incidence of HIV, ages 15-24 (per 1,000 uninfected population ages 15-24)",,,,,,
SH_TBS_INCD,8,14,22,485.8718292,Poverty gap at $5.50 a day (2011 PPP) (%),,,,,,
SH_TBS_INCD,9,3,12,485.8686731,"Incidence of HIV, ages 15-49 (per 1,000 uninfected population ages 15-49)",,,,,,
SH_TBS_INCD,10,7,17,485.8660274,"Prevalence of HIV, total (% of population ages 15-49)",,,,,,
SH_TBS_INCD,11,13,24,485.864308,"Probability of dying among youth ages 20-24 years (per 1,000)",,,,,,
SH_TBS_INCD,12,10,22,485.8249059,"Life expectancy at birth, total (years)",,,,,,
SH_TBS_INCD,13,6,19,485.7818301,"Survival to age 65, male (% of cohort)",,,,,,
SH_TBS_INCD,14,16,30,485.6238036,Merchandise imports from low- and middle-income economies in Sub-Saharan Africa (% of total merchandise imports),,,,,,
SH_TBS_INCD,15,11,26,485.3582841,People using safely managed drinking water services (% of population),,,,,,
SH_TBS_INCD,16,0,16,485.2792263,"Mortality rate, adult, female (per 1,000 female adults)",,,,,,
SH_TBS_INCD,17,17,34,484.9614613,"Access to electricity, rural (% of rural population)",,,,,,
SH_TBS_INCD,18,18,36,484.8771035,People using at least basic sanitation services (% of population),,,,,,
SH_TBS_INCD,19,19,38,483.0142024,"Tuberculosis case detection rate (%, all forms)",,,,,,
SH_STA_MALR,0,0,0,40.02950223,Prevalence of anemia among children (% of children under 5),,,,,,
SH_STA_MALR,1,15,16,40.02097911,Access to electricity (% of population),,,,,,
SH_STA_MALR,2,5,7,40.01194558,"Birth rate, crude (per 1,000 people)",,,,,,
SH_STA_MALR,3,4,7,39.99554056,"Literacy rate, youth total (% of people ages 15-24)",,,,,,
SH_STA_MALR,4,11,15,39.99340519,"Mortality rate, infant (per 1,000 live births)",,,,,,
SH_STA_MALR,5,13,18,39.99278505,"Literacy rate, adult total (% of people ages 15 and above)",,,,,,
SH_STA_MALR,6,3,9,39.99053333,"Mortality rate, under-5 (per 1,000 live births)",,,,,,
SH_STA_MALR,7,14,21,39.98859353,"Population ages 00-04, female (% of female population)",,,,,,
SH_STA_MALR,8,17,25,39.98659815,"Population ages 00-04, male (% of male population)",,,,,,
SH_STA_MALR,9,1,10,39.98320429,"Fertility rate, total (births per woman)",,,,,,
SH_STA_MALR,10,12,22,39.95436608,"Access to electricity, rural (% of rural population)",,,,,,
SH_STA_MALR,11,18,29,39.93847304,"Survival to age 65, female (% of cohort)",,,,,,
SH_STA_MALR,12,9,21,39.92999734,"Life expectancy at birth, total (years)",,,,,,
SH_STA_MALR,13,19,32,39.89120874,Poverty gap at $1.90 a day (2011 PPP) (%),,,,,,
SH_STA_MALR,14,6,20,39.82796492,Poverty gap at $3.20 a day (2011 PPP) (%),,,,,,
SH_STA_MALR,15,8,23,39.78933532,Poverty gap at $5.50 a day (2011 PPP) (%),,,,,,
SH_STA_MALR,16,2,18,39.77125118,Poverty headcount ratio at $1.90 a day (2011 PPP) (% of population),,,,,,
SH_STA_MALR,17,10,27,39.73273714,"Maternal mortality ratio (national estimate, per 100,000 live births)",,,,,,
SH_STA_MALR,18,7,25,39.71879015,Poverty headcount ratio at $3.20 a day (2011 PPP) (% of population),,,,,,
SH_STA_MALR,19,16,35,39.6699873,"Adolescent fertility rate (births per 1,000 women ages 15-19)",,,,,,
SH_HAP_HBSAG,0,15,15,3.190382592,"Mortality rate, under-5 (per 1,000 live births)",,,,,,
SH_HAP_HBSAG,1,17,18,3.188260762,Poverty headcount ratio at $5.50 a day (2011 PPP) (% of population),,,,,,
SH_HAP_HBSAG,2,6,8,3.181137739,Poverty gap at $5.50 a day (2011 PPP) (%),,,,,,
SH_HAP_HBSAG,3,3,6,3.180754509,"Lower secondary completion rate, total (% of relevant age group)",,,,,,
SH_HAP_HBSAG,4,7,11,3.180596561,Poverty headcount ratio at $3.20 a day (2011 PPP) (% of population),,,,,,
SH_HAP_HBSAG,5,18,23,3.179734749,"Probability of dying among children ages 5-9 years (per 1,000)",,,,,,
SH_HAP_HBSAG,6,13,19,3.179716925,"School enrollment, tertiary (gross), gender parity index (GPI)",,,,,,
SH_HAP_HBSAG,7,5,12,3.179637859,Adjusted savings: particulate emission damage (% of GNI),,,,,,
SH_HAP_HBSAG,8,9,17,3.17949678,Lifetime risk of maternal death (%),,,,,,
SH_HAP_HBSAG,9,2,11,3.179451863,"Literacy rate, youth (ages 15-24), gender parity index (GPI)",,,,,,
SH_HAP_HBSAG,10,14,24,3.17858851,Poverty gap at $3.20 a day (2011 PPP) (%),,,,,,
SH_HAP_HBSAG,11,1,12,3.178578296,"Literacy rate, youth total (% of people ages 15-24)",,,,,,
SH_HAP_HBSAG,12,8,20,3.177626527,Births attended by skilled health staff (% of total),,,,,,
SH_HAP_HBSAG,13,19,32,3.17759898,Poverty headcount ratio at $1.90 a day (2011 PPP) (% of population),,,,,,
SH_HAP_HBSAG,14,4,18,3.175901869,"Primary completion rate, total (% of relevant age group)",,,,,,
SH_HAP_HBSAG,15,11,26,3.17467071,"Persistence to last grade of primary, total (% of cohort)",,,,,,
SH_HAP_HBSAG,16,12,28,3.173786529,"People using at least basic drinking water services, urban (% of urban population)",,,,,,
SH_HAP_HBSAG,17,10,27,3.173132462,"Maternal mortality ratio (modeled estimate, per 100,000 live births)",,,,,,
SH_HAP_HBSAG,18,16,34,3.172398635,"Access to electricity, urban (% of urban population)",,,,,,
SH_HAP_HBSAG,19,0,19,3.17227542,"Literacy rate, adult total (% of people ages 15 and above)",,,,,,
SH_TRP_INTVN,0,18,18,639533.7827,"Population ages 15-64, total",,,,,,
SH_TRP_INTVN,1,16,17,639533.7573,Land under cereal production (hectares),,,,,,
SH_TRP_INTVN,2,14,16,639533.5646,"Population, total",,,,,,
SH_TRP_INTVN,3,13,16,639533.5099,"Secondary education, pupils",,,,,,
SH_TRP_INTVN,4,17,21,639533.4575,"Personal transfers, receipts (BoP, current US$)",,,,,,
SH_TRP_INTVN,5,19,24,639533.4568,Nitrous oxide emissions (thousand metric tons of CO2 equivalent),,,,,,
SH_TRP_INTVN,6,12,18,639533.4568,"Listed domestic companies, total",,,,,,
SH_TRP_INTVN,7,0,7,639533.4561,Number of deaths ages 10-14 years,,,,,,
SH_TRP_INTVN,8,3,11,639533.4559,Children (ages 0-14) newly infected with HIV,,,,,,
SH_TRP_INTVN,9,4,13,639533.4559,Young people (ages 15-24) newly infected with HIV,,,,,,
SH_TRP_INTVN,10,10,20,639533.4558,Number of deaths ages 5-9 years,,,,,,
SH_TRP_INTVN,11,1,12,639533.453,Children (0-14) living with HIV,,,,,,
SH_TRP_INTVN,12,2,14,639533.451,Number of infant deaths,,,,,,
SH_TRP_INTVN,13,15,28,639533.4495,"Primary education, teachers",,,,,,
SH_TRP_INTVN,14,7,21,639533.4482,Number of under-five deaths,,,,,,
SH_TRP_INTVN,15,9,24,639533.4279,"Secondary education, general pupils",,,,,,
SH_TRP_INTVN,16,11,27,639533.4207,"Children out of school, primary",,,,,,
SH_TRP_INTVN,17,6,23,639533.0849,"Primary education, pupils",,,,,,
SH_TRP_INTVN,18,5,23,639532.6149,"Population ages 0-14, total",,,,,,
SH_TRP_INTVN,19,8,27,639532.5564,Rural population,,,,,,
SH_STA_SCIDE,0,0,0,56.11679135,"Hospital beds (per 1,000 people)",,,,,,
SH_STA_SCIDE,1,18,19,55.73389899,"Population ages 50-54, female (% of female population)",,,,,,
SH_STA_SCIDE,2,8,10,55.66278381,"Population ages 55-59, female (% of female population)",,,,,,
SH_STA_SCIDE,3,12,15,55.65655915,Electricity production from nuclear sources (% of total),,,,,,
SH_STA_SCIDE,4,1,5,55.59575068,"Population ages 70-74, female (% of female population)",,,,,,
SH_STA_SCIDE,5,5,10,55.57406864,"Population ages 60-64, female (% of female population)",,,,,,
SH_STA_SCIDE,6,10,16,55.56222023,Arable land (hectares per person),,,,,,
SH_STA_SCIDE,7,2,9,55.52975677,"Population ages 75-79, female (% of female population)",,,,,,
SH_STA_SCIDE,8,4,12,55.52796579,"Population ages 65-69, female (% of female population)",,,,,,
SH_STA_SCIDE,9,11,20,55.51971054,Arms exports (SIPRI trend indicator values),,,,,,
SH_STA_SCIDE,10,13,23,55.50639192,"Population ages 60-64, male (% of male population)",,,,,,
SH_STA_SCIDE,11,15,26,55.47529143,"Population ages 70-74, male (% of male population)",,,,,,
SH_STA_SCIDE,12,17,29,55.43312454,"Population ages 65-69, male (% of male population)",,,,,,
SH_STA_SCIDE,13,14,27,55.41905119,Social contributions (% of revenue),,,,,,
SH_STA_SCIDE,14,3,17,55.39084935,"Population ages 65 and above, female (% of female population)",,,,,,
SH_STA_SCIDE,15,9,24,55.29650772,"Population ages 80 and above, female (% of female population)",,,,,,
SH_STA_SCIDE,16,6,22,55.25970768,Population ages 65 and above (% of total population),,,,,,
SH_STA_SCIDE,17,16,33,55.10005006,"Population ages 05-09, female (% of female population)",,,,,,
SH_STA_SCIDE,18,7,25,54.83101862,"Age dependency ratio, old (% of working-age population)",,,,,,
SH_STA_SCIDE,19,19,38,54.36059807,"Population ages 0-14, female (% of female population)",,,,,,
SH_STA_SCIDEN,0,17,17,2120.869204,Fixed telephone subscriptions,,,,,,
SH_STA_SCIDEN,1,15,16,2120.868852,CO2 emissions (kt),,,,,,
SH_STA_SCIDEN,2,6,8,2120.868852,Total greenhouse gas emissions (kt of CO2 equivalent),,,,,,
SH_STA_SCIDEN,3,5,8,2120.868851,Children (0-14) living with HIV,,,,,,
SH_STA_SCIDEN,4,7,11,2120.86885,Methane emissions in energy sector (thousand metric tons of CO2 equivalent),,,,,,
SH_STA_SCIDEN,5,13,18,2120.868849,Adults (ages 15+) and children (ages 0-14) newly infected with HIV,,,,,,
SH_STA_SCIDEN,6,8,14,2120.868849,"Agriculture, forestry, and fishing, value added (constant 2010 US$)",,,,,,
SH_STA_SCIDEN,7,11,18,2120.868849,Adults (ages 15-49) newly infected with HIV,,,,,,
SH_STA_SCIDEN,8,9,17,2120.868849,"Listed domestic companies, total",,,,,,
SH_STA_SCIDEN,9,16,25,2120.868849,Number of deaths ages 20-24 years,,,,,,
SH_STA_SCIDEN,10,1,11,2120.868849,Agricultural nitrous oxide emissions (thousand metric tons of CO2 equivalent),,,,,,
SH_STA_SCIDEN,11,12,23,2120.868849,"Trademark applications, total",,,,,,
SH_STA_SCIDEN,12,18,30,2120.868849,"Trademark applications, direct nonresident",,,,,,
SH_STA_SCIDEN,13,3,16,2120.868848,Nitrous oxide emissions (thousand metric tons of CO2 equivalent),,,,,,
SH_STA_SCIDEN,14,10,24,2120.868847,CO2 emissions from liquid fuel consumption (kt),,,,,,
SH_STA_SCIDEN,15,19,34,2120.86884,"Secondary education, vocational pupils",,,,,,
SH_STA_SCIDEN,16,2,18,2120.868803,"Population ages 65 and above, total",,,,,,
SH_STA_SCIDEN,17,0,17,2120.868629,Urban population,,,,,,
SH_STA_SCIDEN,18,14,32,2120.868609,Capture fisheries production (metric tons),,,,,,
SH_STA_SCIDEN,19,4,23,2120.868543,Cereal production (metric tons),,,,,,
SH_ALC_CONSPT,0,10,10,4.246357082,"Population ages 65 and above, male (% of male population)",,,,,,
SH_ALC_CONSPT,1,4,5,4.124992704,"Age dependency ratio, old (% of working-age population)",,,,,,
SH_ALC_CONSPT,2,9,11,4.052678239,"Population ages 75-79, male (% of male population)",,,,,,
SH_ALC_CONSPT,3,12,15,4.035598757,"Population ages 65-69, male (% of male population)",,,,,,
SH_ALC_CONSPT,4,5,9,4.030674985,"Population ages 80 and above, female (% of female population)",,,,,,
SH_ALC_CONSPT,5,18,23,4.027026561,"Population ages 20-24, female (% of female population)",,,,,,
SH_ALC_CONSPT,6,7,13,4.023194026,"Population ages 70-74, male (% of male population)",,,,,,
SH_ALC_CONSPT,7,8,15,4.012521585,Social contributions (% of revenue),,,,,,
SH_ALC_CONSPT,8,19,27,4.011282811,Poverty headcount ratio at $5.50 a day (2011 PPP) (% of population),,,,,,
SH_ALC_CONSPT,9,3,12,3.964120754,Population ages 65 and above (% of total population),,,,,,
SH_ALC_CONSPT,10,15,25,3.953372889,"Population ages 60-64, male (% of male population)",,,,,,
SH_ALC_CONSPT,11,6,17,3.915011312,"Population ages 65-69, female (% of female population)",,,,,,
SH_ALC_CONSPT,12,0,12,3.902489166,"Population ages 75-79, female (% of female population)",,,,,,
SH_ALC_CONSPT,13,14,27,3.895803192,Women Business and the Law Index Score (scale 1-100),,,,,,
SH_ALC_CONSPT,14,17,31,3.884739154,"Population ages 55-59, male (% of male population)",,,,,,
SH_ALC_CONSPT,15,11,26,3.871623712,"Population ages 60-64, female (% of female population)",,,,,,
SH_ALC_CONSPT,16,2,18,3.867961233,"Population ages 70-74, female (% of female population)",,,,,,
SH_ALC_CONSPT,17,16,33,3.841645086,"Population ages 55-59, female (% of female population)",,,,,,
SH_ALC_CONSPT,18,1,19,3.72522415,"Population ages 65 and above, female (% of female population)",,,,,,
SH_ALC_CONSPT,19,13,32,3.183370638,"Hospital beds (per 1,000 people)",,,,,,
SH_STA_TRAF,0,19,19,9.817580549,Prevalence of anemia among children (% of children under 5),,,,,,
SH_STA_TRAF,1,10,11,9.793890752,"Population ages 0-14, female (% of female population)",,,,,,
SH_STA_TRAF,2,17,19,9.79132526,Population ages 0-14 (% of total population),,,,,,
SH_STA_TRAF,3,7,10,9.780105866,"Birth rate, crude (per 1,000 people)",,,,,,
SH_STA_TRAF,4,6,10,9.775887944,"Mortality rate, adult, male (per 1,000 male adults)",,,,,,
SH_STA_TRAF,5,12,17,9.775345603,"People using at least basic sanitation services, urban (% of urban population)",,,,,,
SH_STA_TRAF,6,15,21,9.754409742,"Population ages 00-04, female (% of female population)",,,,,,
SH_STA_TRAF,7,18,25,9.75008538,"People using at least basic sanitation services, rural (% of rural population)",,,,,,
SH_STA_TRAF,8,2,10,9.722034409,"Survival to age 65, female (% of cohort)",,,,,,
SH_STA_TRAF,9,9,18,9.72064341,"Population ages 80 and above, male (% of male population)",,,,,,
SH_STA_TRAF,10,11,21,9.716992741,"Population ages 55-59, male (% of male population)",,,,,,
SH_STA_TRAF,11,13,24,9.716130798,"Population ages 60-64, male (% of male population)",,,,,,
SH_STA_TRAF,12,1,13,9.714701579,"Survival to age 65, male (% of cohort)",,,,,,
SH_STA_TRAF,13,0,13,9.714301656,"Life expectancy at birth, total (years)",,,,,,
SH_STA_TRAF,14,5,19,9.710985395,"People using at least basic drinking water services, rural (% of rural population)",,,,,,
SH_STA_TRAF,15,4,19,9.700355084,"Mortality rate, adult, female (per 1,000 female adults)",,,,,,
SH_STA_TRAF,16,8,24,9.693960913,"Lower secondary completion rate, total (% of relevant age group)",,,,,,
SH_STA_TRAF,17,14,31,9.691474003,"Population ages 65 and above, male (% of male population)",,,,,,
SH_STA_TRAF,18,3,21,9.688222278,"School enrollment, secondary (% net)",,,,,,
SH_STA_TRAF,19,16,35,9.622781482,Fixed broadband subscriptions (per 100 people),,,,,,
SH_FPL_MTMM,0,4,4,0.608028653,Prevalence of anemia among children (% of children under 5),,,,,,
SH_FPL_MTMM,1,14,15,0.459722412,Children out of school (% of primary school age),,,,,,
SH_FPL_MTMM,2,16,18,0.401591075,Poverty headcount ratio at $5.50 a day (2011 PPP) (% of population),,,,,,
SH_FPL_MTMM,3,18,21,0.359648046,"Primary education, teachers (% female)",,,,,,
SH_FPL_MTMM,4,10,14,0.343522325,"People using at least basic drinking water services, urban (% of urban population)",,,,,,
SH_FPL_MTMM,5,11,16,0.328384407,"Fertility rate, total (births per woman)",,,,,,
SH_FPL_MTMM,6,5,11,0.322091836,"Secondary education, pupils (% female)",,,,,,
SH_FPL_MTMM,7,6,13,0.318955895,"Secondary education, general pupils (% female)",,,,,,
SH_FPL_MTMM,8,13,21,0.314008587,"Probability of dying among children ages 5-9 years (per 1,000)",,,,,,
SH_FPL_MTMM,9,3,12,0.311309821,"School enrollment, secondary (gross), gender parity index (GPI)",,,,,,
SH_FPL_MTMM,10,19,29,0.311092429,"School enrollment, tertiary (gross), gender parity index (GPI)",,,,,,
SH_FPL_MTMM,11,0,11,0.309865086,"Literacy rate, youth (ages 15-24), gender parity index (GPI)",,,,,,
SH_FPL_MTMM,12,7,19,0.306563768,Lifetime risk of maternal death (%),,,,,,
SH_FPL_MTMM,13,17,30,0.298425851,Poverty gap at $5.50 a day (2011 PPP) (%),,,,,,
SH_FPL_MTMM,14,15,29,0.259210412,"Mortality rate, under-5 (per 1,000 live births)",,,,,,
SH_FPL_MTMM,15,9,24,0.244449806,"Incidence of malaria (per 1,000 population at risk)",,,,,,
SH_FPL_MTMM,16,12,28,0.169009759,"Adjusted net enrollment rate, primary (% of primary school age children)",,,,,,
SH_FPL_MTMM,17,8,25,0.085010651,"Primary completion rate, total (% of relevant age group)",,,,,,
SH_FPL_MTMM,18,1,19,0.079771377,"Literacy rate, youth total (% of people ages 15-24)",,,,,,
SH_FPL_MTMM,19,2,21,0.058205494,"Literacy rate, adult total (% of people ages 15 and above)",,,,,,
SP_DYN_ADKL,0,0,0,31.97445486,"Adolescent fertility rate (births per 1,000 women ages 15-19)",,,,,,
SP_DYN_ADKL,1,18,19,31.06637303,"Survival to age 65, female (% of cohort)",,,,,,
SP_DYN_ADKL,2,17,19,31.05786778,"Access to electricity, rural (% of rural population)",,,,,,
SP_DYN_ADKL,3,2,5,31.05063674,"Population ages 00-04, male (% of male population)",,,,,,
SP_DYN_ADKL,4,6,10,31.04955476,"Population ages 05-09, male (% of male population)",,,,,,
SP_DYN_ADKL,5,8,13,31.04942661,"Fertility rate, total (births per woman)",,,,,,
SP_DYN_ADKL,6,14,20,31.0452263,"Population ages 00-04, female (% of female population)",,,,,,
SP_DYN_ADKL,7,4,11,31.04487793,"Birth rate, crude (per 1,000 people)",,,,,,
SP_DYN_ADKL,8,5,13,31.04476212,"Population ages 0-14, male (% of male population)",,,,,,
SP_DYN_ADKL,9,13,22,31.04021225,People using at least basic sanitation services (% of population),,,,,,
SP_DYN_ADKL,10,16,26,31.04001629,Age dependency ratio (% of working-age population),,,,,,
SP_DYN_ADKL,11,3,14,31.03972352,"Age dependency ratio, young (% of working-age population)",,,,,,
SP_DYN_ADKL,12,7,19,31.03732358,Population ages 0-14 (% of total population),,,,,,
SP_DYN_ADKL,13,19,32,31.03057618,Prevalence of anemia among children (% of children under 5),,,,,,
SP_DYN_ADKL,14,11,25,31.01480927,"Mortality rate, under-5 (per 1,000 live births)",,,,,,
SP_DYN_ADKL,15,9,24,31.00801831,"People using at least basic sanitation services, urban (% of urban population)",,,,,,
SP_DYN_ADKL,16,1,17,30.99690831,"School enrollment, secondary (% net)",,,,,,
SP_DYN_ADKL,17,15,32,30.97213857,"Mortality rate, infant (per 1,000 live births)",,,,,,
SP_DYN_ADKL,18,10,28,30.96409582,"People using at least basic sanitation services, rural (% of rural population)",,,,,,
SP_DYN_ADKL,19,12,31,30.94125506,"Lower secondary completion rate, total (% of relevant age group)",,,,,,
SH_ACS_UNHC,0,0,0,70.21854691,"School enrollment, secondary (% gross)",,,,,,
SH_ACS_UNHC,1,15,16,70.19347075,"Survival to age 65, female (% of cohort)",,,,,,
SH_ACS_UNHC,2,3,5,70.18788937,"Life expectancy at birth, total (years)",,,,,,
SH_ACS_UNHC,3,16,19,70.18402161,"Age dependency ratio, young (% of working-age population)",,,,,,
SH_ACS_UNHC,4,7,11,70.17210386,"School enrollment, secondary (% net)",,,,,,
SH_ACS_UNHC,5,18,23,70.16921338,"Birth rate, crude (per 1,000 people)",,,,,,
SH_ACS_UNHC,6,4,10,70.16508499,Access to clean fuels and technologies for cooking (% of population),,,,,,
SH_ACS_UNHC,7,19,26,70.16503208,"Wage and salaried workers, total (% of total employment) (modeled ILO estimate)",,,,,,
SH_ACS_UNHC,8,13,21,70.15774629,"People using at least basic sanitation services, rural (% of rural population)",,,,,,
SH_ACS_UNHC,9,14,23,70.1564398,"Vulnerable employment, total (% of total employment) (modeled ILO estimate)",,,,,,
SH_ACS_UNHC,10,6,16,70.14493297,Prevalence of anemia among children (% of children under 5),,,,,,
SH_ACS_UNHC,11,10,21,70.14489149,People using at least basic sanitation services (% of population),,,,,,
SH_ACS_UNHC,12,12,24,70.13288389,Employment in agriculture (% of total employment) (modeled ILO estimate),,,,,,
SH_ACS_UNHC,13,5,18,70.12921101,"Mortality rate, neonatal (per 1,000 live births)",,,,,,
SH_ACS_UNHC,14,17,31,70.1135509,Access to electricity (% of population),,,,,,
SH_ACS_UNHC,15,2,17,70.0996575,"Mortality rate, infant (per 1,000 live births)",,,,,,
SH_ACS_UNHC,16,8,24,70.08642893,Poverty gap at $5.50 a day (2011 PPP) (%),,,,,,
SH_ACS_UNHC,17,9,26,70.08429984,"Mortality rate, under-5 (per 1,000 live births)",,,,,,
SH_ACS_UNHC,18,11,29,70.06517355,Poverty headcount ratio at $3.20 a day (2011 PPP) (% of population),,,,,,
SH_ACS_UNHC,19,1,20,69.98353142,Poverty headcount ratio at $5.50 a day (2011 PPP) (% of population),,,,,,
SH_XPD_EARN25,0,11,11,3.319345877,Renewable electricity output (% of total electricity output),,,,,,
SH_XPD_EARN25,1,6,7,3.319204217,Electricity production from hydroelectric sources (% of total),,,,,,
SH_XPD_EARN25,2,19,21,3.313656117,Export value index (2000 = 100),,,,,,
SH_XPD_EARN25,3,3,6,3.313540882,Alternative and nuclear energy (% of total energy use),,,,,,
SH_XPD_EARN25,4,10,14,3.313104983,Risk of catastrophic expenditure for surgical care (% of people at risk),,,,,,
SH_XPD_EARN25,5,7,12,3.313090784,Export volume index (2000 = 100),,,,,,
SH_XPD_EARN25,6,9,15,3.312190404,Taxes on goods and services (% of revenue),,,,,,
SH_XPD_EARN25,7,2,9,3.311990211,"Agricultural machinery, tractors per 100 sq. km of arable land",,,,,,
SH_XPD_EARN25,8,1,9,3.311707614,Domestic private health expenditure (% of current health expenditure),,,,,,
SH_XPD_EARN25,9,12,21,3.311419903,Households and NPISHs final consumption expenditure (% of GDP),,,,,,
SH_XPD_EARN25,10,14,24,3.311380165,Sex ratio at birth (male births per female births),,,,,,
SH_XPD_EARN25,11,18,29,3.311306784,Current health expenditure (% of GDP),,,,,,
SH_XPD_EARN25,12,0,12,3.311183814,Out-of-pocket expenditure (% of current health expenditure),,,,,,
SH_XPD_EARN25,13,13,26,3.311081115,"Government expenditure on education, total (% of GDP)",,,,,,
SH_XPD_EARN25,14,4,18,3.310945605,Domestic general government health expenditure (% of current health expenditure),,,,,,
SH_XPD_EARN25,15,17,32,3.310706617,"Personal remittances, received (% of GDP)",,,,,,
SH_XPD_EARN25,16,15,31,3.310391873,Energy use (kg of oil equivalent per capita),,,,,,
SH_XPD_EARN25,17,16,33,3.310264124,Electricity production from coal sources (% of total),,,,,,
SH_XPD_EARN25,18,8,26,3.307011187,"CO2 emissions from electricity and heat production, total (% of total fuel combustion)",,,,,,
SH_XPD_EARN25,19,5,24,3.300206021,"Electricity production from oil, gas and coal sources (% of total)",,,,,,
SH_AAP_ASMORT,0,8,8,39.24596862,"Mortality rate, under-5 (per 1,000 live births)",,,,,,
SH_AAP_ASMORT,1,6,7,39.22545091,"PM2.5 pollution, population exposed to levels exceeding WHO Interim Target-2 value (% of total)",,,,,,
SH_AAP_ASMORT,2,12,14,39.20307886,Prevalence of anemia among non-pregnant women (% of women ages 15-49),,,,,,
SH_AAP_ASMORT,3,11,14,39.19508974,Prevalence of anemia among women of reproductive age (% of women ages 15-49),,,,,,
SH_AAP_ASMORT,4,10,14,39.1412846,"Mortality rate, infant (per 1,000 live births)",,,,,,
SH_AAP_ASMORT,5,4,9,39.10446495,Prevalence of anemia among children (% of children under 5),,,,,,
SH_AAP_ASMORT,6,17,23,39.07385317,"School enrollment, secondary (% net)",,,,,,
SH_AAP_ASMORT,7,9,16,39.07357973,"Mortality rate, neonatal (per 1,000 live births)",,,,,,
SH_AAP_ASMORT,8,19,27,39.02779138,Prevalence of anemia among pregnant women (%),,,,,,
SH_AAP_ASMORT,9,2,11,38.97554496,"PM2.5 air pollution, mean annual exposure (micrograms per cubic meter)",,,,,,
SH_AAP_ASMORT,10,14,24,38.93953255,Adjusted savings: particulate emission damage (% of GNI),,,,,,
SH_AAP_ASMORT,11,7,18,38.93238658,"Literacy rate, youth (ages 15-24), gender parity index (GPI)",,,,,,
SH_AAP_ASMORT,12,16,28,38.9091731,Domestic general government health expenditure (% of GDP),,,,,,
SH_AAP_ASMORT,13,1,14,38.87235994,"Literacy rate, adult total (% of people ages 15 and above)",,,,,,
SH_AAP_ASMORT,14,0,14,38.82962791,"Literacy rate, youth total (% of people ages 15-24)",,,,,,
SH_AAP_ASMORT,15,3,18,38.82230534,"Life expectancy at birth, total (years)",,,,,,
SH_AAP_ASMORT,16,15,31,38.80205927,Adolescents out of school (% of lower secondary school age),,,,,,
SH_AAP_ASMORT,17,13,30,38.80067159,"Survival to age 65, female (% of cohort)",,,,,,
SH_AAP_ASMORT,18,5,23,38.78162658,"School enrollment, secondary (% gross)",,,,,,
SH_AAP_ASMORT,19,18,37,38.74351694,"PM2.5 pollution, population exposed to levels exceeding WHO Interim Target-1 value (% of total)",,,,,,
SH_AAP_MORT,0,1,1,35.92794709,Merchandise exports to low- and middle-income economies in Europe & Central Asia (% of total merchandise exports),,,,,,
SH_AAP_MORT,1,5,6,35.77393272,Merchandise imports from low- and middle-income economies in Europe & Central Asia (% of total merchandise imports),,,,,,
SH_AAP_MORT,2,19,21,35.49071901,Arable land (% of land area),,,,,,
SH_AAP_MORT,3,0,3,35.39114746,"Death rate, crude (per 1,000 people)",,,,,,
SH_AAP_MORT,4,8,12,35.28855116,"Hospital beds (per 1,000 people)",,,,,,
SH_AAP_MORT,5,11,16,35.28459128,"Population ages 60-64, female (% of female population)",,,,,,
SH_AAP_MORT,6,10,16,35.25036164,"Population ages 75-79, female (% of female population)",,,,,,
SH_AAP_MORT,7,17,24,35.24640706,"Secondary education, duration (years)",,,,,,
SH_AAP_MORT,8,12,20,35.23316022,Out-of-pocket expenditure (% of current health expenditure),,,,,,
SH_AAP_MORT,9,4,13,35.22268936,"Literacy rate, adult total (% of people ages 15 and above)",,,,,,
SH_AAP_MORT,10,3,13,35.19168649,"Literacy rate, youth (ages 15-24), gender parity index (GPI)",,,,,,
SH_AAP_MORT,11,13,24,35.19116222,"Use of IMF credit (DOD, current US$)",,,,,,
SH_AAP_MORT,12,15,27,35.19116219,"Net financial flows, IMF nonconcessional (NFL, current US$)",,,,,,
SH_AAP_MORT,13,14,27,35.18772006,Price level ratio of PPP conversion factor (GDP) to market exchange rate,,,,,,
SH_AAP_MORT,14,18,32,35.16387599,Lower secondary school starting age (years),,,,,,
SH_AAP_MORT,15,16,31,35.15311894,Population growth (annual %),,,,,,
SH_AAP_MORT,16,2,18,35.15111415,"Literacy rate, youth total (% of people ages 15-24)",,,,,,
SH_AAP_MORT,17,7,24,35.13591738,"Primary education, duration (years)",,,,,,
SH_AAP_MORT,18,9,27,35.00440932,"Labor force participation rate for ages 15-24, total (%) (national estimate)",,,,,,
SH_AAP_MORT,19,6,25,34.8989165,"Employment to population ratio, ages 15-24, total (%) (national estimate)",,,,,,
SH_HAP_ASMORT,0,4,4,72.70558377,"School enrollment, secondary (% net)",,,,,,
SH_HAP_ASMORT,1,1,2,72.54343342,"Literacy rate, adult total (% of people ages 15 and above)",,,,,,
SH_HAP_ASMORT,2,19,21,72.49764523,"Maternal mortality ratio (modeled estimate, per 100,000 live births)",,,,,,
SH_HAP_ASMORT,3,13,16,72.45656889,"Wage and salaried workers, total (% of total employment) (modeled ILO estimate)",,,,,,
SH_HAP_ASMORT,4,16,20,72.38026382,"Literacy rate, youth total (% of people ages 15-24)",,,,,,
SH_HAP_ASMORT,5,9,14,72.37470429,"Life expectancy at birth, total (years)",,,,,,
SH_HAP_ASMORT,6,18,24,72.37235086,Poverty gap at $5.50 a day (2011 PPP) (%),,,,,,
SH_HAP_ASMORT,7,10,17,72.35421654,"People using at least basic sanitation services, rural (% of rural population)",,,,,,
SH_HAP_ASMORT,8,11,19,72.3474688,"Survival to age 65, female (% of cohort)",,,,,,
SH_HAP_ASMORT,9,17,26,72.32401063,People using safely managed drinking water services (% of population),,,,,,
SH_HAP_ASMORT,10,6,16,72.28015148,Adjusted savings: particulate emission damage (% of GNI),,,,,,
SH_HAP_ASMORT,11,5,16,72.22867153,Poverty headcount ratio at $5.50 a day (2011 PPP) (% of population),,,,,,
SH_HAP_ASMORT,12,8,20,72.12594053,"Vulnerable employment, total (% of total employment) (modeled ILO estimate)",,,,,,
SH_HAP_ASMORT,13,15,28,72.11094113,Prevalence of anemia among children (% of children under 5),,,,,,
SH_HAP_ASMORT,14,12,26,72.0997755,"Self-employed, total (% of total employment) (modeled ILO estimate)",,,,,,
SH_HAP_ASMORT,15,7,22,72.02896859,"Mortality rate, infant (per 1,000 live births)",,,,,,
SH_HAP_ASMORT,16,2,18,72.01669796,People using at least basic sanitation services (% of population),,,,,,
SH_HAP_ASMORT,17,3,20,71.99366605,"Mortality rate, under-5 (per 1,000 live births)",,,,,,
SH_HAP_ASMORT,18,14,32,71.91937008,"People using at least basic sanitation services, urban (% of urban population)",,,,,,
SH_HAP_ASMORT,19,0,19,71.23207013,Access to clean fuels and technologies for cooking (% of population),,,,,,
SH_HAP_MORT,0,4,4,47.35674159,"Wage and salaried workers, total (% of total employment) (modeled ILO estimate)",,,,,,
SH_HAP_MORT,1,1,2,47.34306625,"Literacy rate, adult total (% of people ages 15 and above)",,,,,,
SH_HAP_MORT,2,16,18,47.33801827,"School enrollment, secondary (% net)",,,,,,
SH_HAP_MORT,3,18,21,47.32273668,"People using at least basic sanitation services, rural (% of rural population)",,,,,,
SH_HAP_MORT,4,15,19,47.27637724,Individuals using the Internet (% of population),,,,,,
SH_HAP_MORT,5,17,22,47.20556648,Employment in agriculture (% of total employment) (modeled ILO estimate),,,,,,
SH_HAP_MORT,6,3,9,47.17104318,"Literacy rate, youth total (% of people ages 15-24)",,,,,,
SH_HAP_MORT,7,11,18,47.15536156,"Maternal mortality ratio (modeled estimate, per 100,000 live births)",,,,,,
SH_HAP_MORT,8,14,22,47.10493797,"Survival to age 65, female (% of cohort)",,,,,,
SH_HAP_MORT,9,8,17,47.08680969,People using at least basic sanitation services (% of population),,,,,,
SH_HAP_MORT,10,9,19,47.08071145,"Mortality rate, infant (per 1,000 live births)",,,,,,
SH_HAP_MORT,11,7,18,47.0746508,Adjusted savings: particulate emission damage (% of GNI),,,,,,
SH_HAP_MORT,12,13,25,47.06847575,Lifetime risk of maternal death (%),,,,,,
SH_HAP_MORT,13,6,19,47.06336823,"Mortality rate, under-5 (per 1,000 live births)",,,,,,
SH_HAP_MORT,14,12,26,47.06109842,"Life expectancy at birth, total (years)",,,,,,
SH_HAP_MORT,15,10,25,47.04111927,"School enrollment, secondary (% gross)",,,,,,
SH_HAP_MORT,16,2,18,46.86154791,"Vulnerable employment, total (% of total employment) (modeled ILO estimate)",,,,,,
SH_HAP_MORT,17,5,22,46.7960962,"Self-employed, total (% of total employment) (modeled ILO estimate)",,,,,,
SH_HAP_MORT,18,19,37,46.78199936,Births attended by skilled health staff (% of total),,,,,,
SH_HAP_MORT,19,0,19,46.11459835,Access to clean fuels and technologies for cooking (% of population),,,,,,
SH_STA_AIRP,0,12,12,125.9239857,Employment in agriculture (% of total employment) (modeled ILO estimate),,,,,,
SH_STA_AIRP,1,13,14,125.8189534,"Mortality rate, under-5 (per 1,000 live births)",,,,,,
SH_STA_AIRP,2,15,17,125.8125193,Prevalence of anemia among children (% of children under 5),,,,,,
SH_STA_AIRP,3,6,9,125.8092935,"Vulnerable employment, total (% of total employment) (modeled ILO estimate)",,,,,,
SH_STA_AIRP,4,11,15,125.7958353,"Self-employed, total (% of total employment) (modeled ILO estimate)",,,,,,
SH_STA_AIRP,5,16,21,125.7895233,"Mortality rate, infant (per 1,000 live births)",,,,,,
SH_STA_AIRP,6,19,25,125.7475671,"Death rate, crude (per 1,000 people)",,,,,,
SH_STA_AIRP,7,8,15,125.7365909,Adjusted savings: particulate emission damage (% of GNI),,,,,,
SH_STA_AIRP,8,14,22,125.7356587,"GNI per capita, PPP (constant 2017 international $)",,,,,,
SH_STA_AIRP,9,4,13,125.7355756,"Literacy rate, youth (ages 15-24), gender parity index (GPI)",,,,,,
SH_STA_AIRP,10,18,28,125.7351257,Adjusted net national income per capita (current US$),,,,,,
SH_STA_AIRP,11,0,11,125.7144087,"Literacy rate, adult total (% of people ages 15 and above)",,,,,,
SH_STA_AIRP,12,1,13,125.7121373,"Literacy rate, youth total (% of people ages 15-24)",,,,,,
SH_STA_AIRP,13,3,16,125.7087204,"Life expectancy at birth, total (years)",,,,,,
SH_STA_AIRP,14,17,31,125.7042333,"Survival to age 65, female (% of cohort)",,,,,,
SH_STA_AIRP,15,7,22,125.7019277,"Survival to age 65, male (% of cohort)",,,,,,
SH_STA_AIRP,16,10,26,125.6746951,"Wage and salaried workers, total (% of total employment) (modeled ILO estimate)",,,,,,
SH_STA_AIRP,17,9,26,125.5886092,"School enrollment, secondary (% gross)",,,,,,
SH_STA_AIRP,18,5,23,125.5391203,Employment in services (% of total employment) (modeled ILO estimate),,,,,,
SH_STA_AIRP,19,2,21,125.0614398,Access to clean fuels and technologies for cooking (% of population),,,,,,
SH_STA_ASAIRP,0,18,18,119.2565759,"Mortality rate, adult, female (per 1,000 female adults)",,,,,,
SH_STA_ASAIRP,1,11,12,119.2243752,"School enrollment, secondary (% net)",,,,,,
SH_STA_ASAIRP,2,0,2,119.137306,"Literacy rate, adult total (% of people ages 15 and above)",,,,,,
SH_STA_ASAIRP,3,17,20,118.9045564,People using safely managed drinking water services (% of population),,,,,,
SH_STA_ASAIRP,4,15,19,118.8803353,"Wage and salaried workers, total (% of total employment) (modeled ILO estimate)",,,,,,
SH_STA_ASAIRP,5,1,6,118.8784032,"Life expectancy at birth, total (years)",,,,,,
SH_STA_ASAIRP,6,13,19,118.8726789,Poverty headcount ratio at $5.50 a day (2011 PPP) (% of population),,,,,,
SH_STA_ASAIRP,7,12,19,118.8721571,"Vulnerable employment, total (% of total employment) (modeled ILO estimate)",,,,,,
SH_STA_ASAIRP,8,8,16,118.8720074,"Literacy rate, youth total (% of people ages 15-24)",,,,,,
SH_STA_ASAIRP,9,5,14,118.8550116,Adjusted savings: particulate emission damage (% of GNI),,,,,,
SH_STA_ASAIRP,10,14,24,118.837052,"People using at least basic sanitation services, rural (% of rural population)",,,,,,
SH_STA_ASAIRP,11,6,17,118.8244434,"Survival to age 65, female (% of cohort)",,,,,,
SH_STA_ASAIRP,12,16,28,118.8162805,"Self-employed, total (% of total employment) (modeled ILO estimate)",,,,,,
SH_STA_ASAIRP,13,7,20,118.8006998,Prevalence of anemia among children (% of children under 5),,,,,,
SH_STA_ASAIRP,14,2,16,118.7539742,"Mortality rate, under-5 (per 1,000 live births)",,,,,,
SH_STA_ASAIRP,15,9,24,118.7189062,"Mortality rate, neonatal (per 1,000 live births)",,,,,,
SH_STA_ASAIRP,16,3,19,118.6805476,"Mortality rate, infant (per 1,000 live births)",,,,,,
SH_STA_ASAIRP,17,19,36,118.4550037,"Birth rate, crude (per 1,000 people)",,,,,,
SH_STA_ASAIRP,18,10,28,118.4202916,People using at least basic sanitation services (% of population),,,,,,
SH_STA_ASAIRP,19,4,23,117.3653897,Access to clean fuels and technologies for cooking (% of population),,,,,,
SH_STA_WASH,0,3,3,12.555698,"Mortality rate, under-5 (per 1,000 live births)",,,,,,
SH_STA_WASH,1,8,9,12.54884399,"Mortality rate, infant (per 1,000 live births)",,,,,,
SH_STA_WASH,2,10,12,12.5396234,Adolescents out of school (% of lower secondary school age),,,,,,
SH_STA_WASH,3,7,10,12.53961859,Poverty gap at $5.50 a day (2011 PPP) (%),,,,,,
SH_STA_WASH,4,6,10,12.53940083,Poverty headcount ratio at $3.20 a day (2011 PPP) (% of population),,,,,,
SH_STA_WASH,5,5,10,12.52785926,"Probability of dying among children ages 5-9 years (per 1,000)",,,,,,
SH_STA_WASH,6,15,21,12.52583888,"Persistence to grade 5, total (% of cohort)",,,,,,
SH_STA_WASH,7,18,25,12.52307415,"Fertility rate, total (births per woman)",,,,,,
SH_STA_WASH,8,9,17,12.52296551,Poverty gap at $3.20 a day (2011 PPP) (%),,,,,,
SH_STA_WASH,9,1,10,12.52087534,Lifetime risk of maternal death (%),,,,,,
SH_STA_WASH,10,12,22,12.52078638,Poverty headcount ratio at $1.90 a day (2011 PPP) (% of population),,,,,,
SH_STA_WASH,11,2,13,12.5206503,"Literacy rate, youth (ages 15-24), gender parity index (GPI)",,,,,,
SH_STA_WASH,12,14,26,12.51564496,"Survival to age 65, female (% of cohort)",,,,,,
SH_STA_WASH,13,13,26,12.51562277,Access to electricity (% of population),,,,,,
SH_STA_WASH,14,4,18,12.51104653,"Maternal mortality ratio (modeled estimate, per 100,000 live births)",,,,,,
SH_STA_WASH,15,16,31,12.50904374,"Access to electricity, rural (% of rural population)",,,,,,
SH_STA_WASH,16,19,35,12.50729749,"Life expectancy at birth, total (years)",,,,,,
SH_STA_WASH,17,11,28,12.50229688,"Persistence to last grade of primary, total (% of cohort)",,,,,,
SH_STA_WASH,18,17,35,12.50227014,People using at least basic drinking water services (% of population),,,,,,
SH_STA_WASH,19,0,19,12.45670902,"Literacy rate, adult total (% of people ages 15 and above)",,,,,,
SH_ACS_HPV,0,19,19,71.5,"Net official flows from UN agencies, UNDP (current US$)",,,,,,
SH_ACS_HPV,1,18,19,71.5,"Net bilateral aid flows from DAC donors, Norway (current US$)",,,,,,
SH_ACS_HPV,2,1,3,71.5,"Net bilateral aid flows from DAC donors, Ireland (current US$)",,,,,,
SH_ACS_HPV,3,2,5,71.5,"Net bilateral aid flows from DAC donors, Luxembourg (current US$)",,,,,,
SH_ACS_HPV,4,3,7,71.5,Children (0-14) living with HIV,,,,,,
SH_ACS_HPV,5,4,9,71.5,Children (ages 0-14) newly infected with HIV,,,,,,
SH_ACS_HPV,6,5,11,71.5,"Other greenhouse gas emissions, HFC, PFC and SF6 (thousand metric tons of CO2 equivalent)",,,,,,
SH_ACS_HPV,7,6,13,71.5,"Net financial flows, IDA (NFL, current US$)",,,,,,
SH_ACS_HPV,8,7,15,71.5,"Net official flows from UN agencies, UNFPA (current US$)",,,,,,
SH_ACS_HPV,9,8,17,71.5,"Net bilateral aid flows from DAC donors, Portugal (current US$)",,,,,,
SH_ACS_HPV,10,9,19,71.5,"Net bilateral aid flows from DAC donors, Denmark (current US$)",,,,,,
SH_ACS_HPV,11,10,21,71.5,"Net official flows from UN agencies, IFAD (current US$)",,,,,,
SH_ACS_HPV,12,11,23,71.5,"Net official flows from UN agencies, UNHCR (current US$)",,,,,,
SH_ACS_HPV,13,12,25,71.5,"Net bilateral aid flows from DAC donors, Belgium (current US$)",,,,,,
SH_ACS_HPV,14,13,27,71.5,"Net official flows from UN agencies, UNICEF (current US$)",,,,,,
SH_ACS_HPV,15,14,29,71.5,"Literacy rate, youth (ages 15-24), gender parity index (GPI)",,,,,,
SH_ACS_HPV,16,15,31,71.5,"Net bilateral aid flows from DAC donors, Finland (current US$)",,,,,,
SH_ACS_HPV,17,16,33,71.5,"Net bilateral aid flows from DAC donors, France (current US$)",,,,,,
SH_ACS_HPV,18,17,35,71.5,"Net bilateral aid flows from DAC donors, Canada (current US$)",,,,,,
SH_ACS_HPV,19,0,19,71.5,"Net official flows from UN agencies, WFP (current US$)",,,,,,
DC_TOF_HLTHNT,0,6,6,7.493122809,"Net bilateral aid flows from DAC donors, United States (current US$)",,,,,,
DC_TOF_HLTHNT,1,15,16,7.49312272,"Net financial flows, IDA (NFL, current US$)",,,,,,
DC_TOF_HLTHNT,2,1,3,7.493122653,"Net bilateral aid flows from DAC donors, United Kingdom (current US$)",,,,,,
DC_TOF_HLTHNT,3,4,7,7.493122576,Net official development assistance received (current US$),,,,,,
DC_TOF_HLTHNT,4,5,9,7.493122576,Net official development assistance and official aid received (current US$),,,,,,
DC_TOF_HLTHNT,5,2,7,7.493122564,Net official development assistance and official aid received (constant 2018 US$),,,,,,
DC_TOF_HLTHNT,6,3,9,7.493122564,Net official development assistance received (constant 2018 US$),,,,,,
DC_TOF_HLTHNT,7,13,20,7.493122551,"Net bilateral aid flows from DAC donors, Sweden (current US$)",,,,,,
DC_TOF_HLTHNT,8,18,26,7.493122546,"Net bilateral aid flows from DAC donors, Ireland (current US$)",,,,,,
DC_TOF_HLTHNT,9,16,25,7.493122538,"Net official flows from UN agencies, WFP (current US$)",,,,,,
DC_TOF_HLTHNT,10,7,17,7.493122538,"Net official flows from UN agencies, UNDP (current US$)",,,,,,
DC_TOF_HLTHNT,11,10,21,7.493122534,"Net official flows from UN agencies, IFAD (current US$)",,,,,,
DC_TOF_HLTHNT,12,11,23,7.493122532,"Net official flows from UN agencies, UNFPA (current US$)",,,,,,
DC_TOF_HLTHNT,13,17,30,7.493122532,"Net bilateral aid flows from DAC donors, Luxembourg (current US$)",,,,,,
DC_TOF_HLTHNT,14,0,14,7.493122531,"Children out of school, primary",,,,,,
DC_TOF_HLTHNT,15,19,34,7.49312253,Number of under-five deaths,,,,,,
DC_TOF_HLTHNT,16,14,30,7.49312253,Number of deaths ages 5-9 years,,,,,,
DC_TOF_HLTHNT,17,12,29,7.49312253,Number of maternal deaths,,,,,,
DC_TOF_HLTHNT,18,8,26,7.493122514,"Net bilateral aid flows from DAC donors, Switzerland (current US$)",,,,,,
DC_TOF_HLTHNT,19,9,28,7.493122307,"Net bilateral aid flows from DAC donors, Total (current US$)",,,,,,