,GeoAreaName,SH_STA_MORT,SH_STA_BRTC,SH_HIV_INCD,SH_TBS_INCD,SH_STA_MALR,SH_TRP_INTVN,SH_STA_SCIDE,SH_STA_SCIDEN,SH_STA_TRAF,SH_ACS_UNHC,SH_XPD_EARN10,SH_XPD_EARN25,SH_STA_POISN,SH_ACS_DTP3,SH_ACS_HPV,SH_ACS_MCV2,SH_ACS_PCV3,DC_TOF_HLTHL,DC_TOF_HLTHNT,SH_HLF_EMED,GeoAreaCode
0,World,TRUE,FALSE,FALSE,FALSE,FALSE,FALSE,FALSE,FALSE,FALSE,FALSE,FALSE,FALSE,FALSE,FALSE,FALSE,FALSE,TRUE,FALSE,FALSE,FALSE,1
1,Afghanistan,TRUE,TRUE,FALSE,FALSE,FALSE,FALSE,TRUE,TRUE,FALSE,FALSE,FALSE,FALSE,TRUE,TRUE,TRUE,FALSE,TRUE,FALSE,FALSE,FALSE,4
2,South America,FALSE,TRUE,FALSE,FALSE,TRUE,TRUE,FALSE,FALSE,FALSE,FALSE,FALSE,FALSE,FALSE,TRUE,FALSE,FALSE,FALSE,TRUE,TRUE,FALSE,5
3,Albania,FALSE,FALSE,FALSE,TRUE,FALSE,TRUE,TRUE,FALSE,FALSE,FALSE,FALSE,FALSE,TRUE,FALSE,FALSE,FALSE,TRUE,FALSE,FALSE,FALSE,8
4,Oceania,TRUE,TRUE,FALSE,TRUE,FALSE,FALSE,FALSE,TRUE,FALSE,FALSE,FALSE,FALSE,TRUE,FALSE,TRUE,TRUE,TRUE,FALSE,FALSE,FALSE,9
5,Western Africa,TRUE,FALSE,FALSE,FALSE,TRUE,FALSE,FALSE,FALSE,FALSE,FALSE,FALSE,FALSE,TRUE,TRUE,TRUE,TRUE,FALSE,FALSE,TRUE,FALSE,11
6,Algeria,TRUE,FALSE,FALSE,FALSE,TRUE,FALSE,FALSE,FALSE,FALSE,FALSE,TRUE,TRUE,TRUE,FALSE,FALSE,TRUE,TRUE,FALSE,FALSE,FALSE,12
7,Central America,TRUE,FALSE,FALSE,TRUE,TRUE,FALSE,FALSE,FALSE,FALSE,FALSE,FALSE,FALSE,FALSE,FALSE,TRUE,TRUE,TRUE,TRUE,FALSE,,13
8,Eastern Africa,TRUE,FALSE,FALSE,FALSE,TRUE,TRUE,FALSE,FALSE,FALSE,FALSE,FALSE,FALSE,FALSE,FALSE,TRUE,TRUE,FALSE,FALSE,FALSE,,14
9,Northern Africa,TRUE,FALSE,FALSE,TRUE,TRUE,TRUE,FALSE,FALSE,FALSE,FALSE,FALSE,TRUE,TRUE,FALSE,FALSE,TRUE,TRUE,FALSE,FALSE,,15
10,Middle Africa,TRUE,FALSE,FALSE,TRUE,TRUE,TRUE,TRUE,FALSE,TRUE,FALSE,TRUE,TRUE,TRUE,TRUE,FALSE,TRUE,TRUE,FALSE,FALSE,,17
11,Southern Africa,TRUE,FALSE,FALSE,FALSE,TRUE,FALSE,TRUE,FALSE,TRUE,FALSE,TRUE,TRUE,TRUE,TRUE,FALSE,TRUE,TRUE,FALSE,TRUE,,18
12,Northern America,TRUE,TRUE,FALSE,FALSE,FALSE,FALSE,FALSE,FALSE,TRUE,FALSE,TRUE,FALSE,FALSE,TRUE,TRUE,FALSE,FALSE,TRUE,FALSE,,21
13,Angola,TRUE,FALSE,FALSE,FALSE,TRUE,FALSE,FALSE,FALSE,TRUE,FALSE,FALSE,FALSE,TRUE,FALSE,FALSE,TRUE,TRUE,FALSE,FALSE,,24
14,Antigua and Barbuda,TRUE,FALSE,FALSE,FALSE,TRUE,TRUE,TRUE,TRUE,FALSE,FALSE,FALSE,FALSE,FALSE,TRUE,FALSE,FALSE,FALSE,TRUE,FALSE,,28
15,Caribbean,TRUE,FALSE,FALSE,FALSE,FALSE,TRUE,TRUE,TRUE,TRUE,FALSE,FALSE,FALSE,TRUE,FALSE,FALSE,TRUE,FALSE,FALSE,TRUE,,29
16,Eastern Asia,TRUE,FALSE,FALSE,TRUE,FALSE,TRUE,FALSE,FALSE,TRUE,FALSE,FALSE,FALSE,TRUE,TRUE,TRUE,TRUE,FALSE,FALSE,TRUE,,30
17,Azerbaijan,TRUE,FALSE,FALSE,FALSE,FALSE,TRUE,FALSE,FALSE,TRUE,FALSE,FALSE,FALSE,FALSE,TRUE,FALSE,FALSE,FALSE,FALSE,TRUE,,31
18,Argentina,FALSE,TRUE,TRUE,TRUE,FALSE,TRUE,FALSE,FALSE,FALSE,FALSE,TRUE,TRUE,FALSE,TRUE,FALSE,TRUE,FALSE,TRUE,TRUE,,32
19,Southern Asia,TRUE,FALSE,TRUE,TRUE,TRUE,FALSE,FALSE,FALSE,FALSE,FALSE,TRUE,TRUE,FALSE,TRUE,FALSE,FALSE,FALSE,TRUE,TRUE,,34
20,South-Eastern Asia,TRUE,FALSE,FALSE,FALSE,FALSE,FALSE,TRUE,FALSE,FALSE,FALSE,FALSE,FALSE,TRUE,TRUE,FALSE,FALSE,TRUE,FALSE,TRUE,,35
21,Australia,TRUE,FALSE,TRUE,FALSE,FALSE,TRUE,FALSE,FALSE,TRUE,FALSE,FALSE,FALSE,TRUE,TRUE,FALSE,TRUE,TRUE,TRUE,FALSE,,36
22,Southern Europe,FALSE,FALSE,TRUE,FALSE,TRUE,TRUE,TRUE,FALSE,FALSE,FALSE,TRUE,TRUE,TRUE,FALSE,FALSE,FALSE,TRUE,TRUE,FALSE,,39
23,Austria,TRUE,FALSE,TRUE,FALSE,TRUE,FALSE,FALSE,FALSE,FALSE,FALSE,FALSE,FALSE,FALSE,TRUE,FALSE,FALSE,TRUE,TRUE,FALSE,,40
24,Bahamas,TRUE,TRUE,FALSE,FALSE,FALSE,FALSE,FALSE,FALSE,TRUE,FALSE,FALSE,FALSE,FALSE,FALSE,FALSE,FALSE,FALSE,FALSE,FALSE,,44
25,Bahrain,TRUE,TRUE,FALSE,FALSE,FALSE,TRUE,FALSE,FALSE,FALSE,FALSE,FALSE,FALSE,TRUE,FALSE,FALSE,TRUE,TRUE,FALSE,TRUE,,48
26,Bangladesh,FALSE,TRUE,FALSE,FALSE,TRUE,TRUE,FALSE,FALSE,FALSE,FALSE,FALSE,FALSE,FALSE,TRUE,FALSE,FALSE,TRUE,FALSE,FALSE,,50
27,Armenia,FALSE,FALSE,FALSE,TRUE,TRUE,TRUE,FALSE,FALSE,FALSE,FALSE,FALSE,FALSE,FALSE,FALSE,FALSE,TRUE,FALSE,FALSE,FALSE,,51
28,Barbados,TRUE,TRUE,FALSE,TRUE,FALSE,FALSE,FALSE,FALSE,FALSE,FALSE,TRUE,TRUE,FALSE,TRUE,FALSE,FALSE,TRUE,TRUE,FALSE,,52
29,Australia and New Zealand,TRUE,FALSE,TRUE,FALSE,TRUE,FALSE,FALSE,FALSE,FALSE,FALSE,TRUE,TRUE,TRUE,FALSE,FALSE,TRUE,TRUE,FALSE,FALSE,,53
30,Melanesia,FALSE,FALSE,FALSE,FALSE,FALSE,FALSE,FALSE,FALSE,FALSE,FALSE,FALSE,FALSE,FALSE,TRUE,FALSE,FALSE,TRUE,FALSE,FALSE,,54
31,Belgium,TRUE,FALSE,FALSE,FALSE,TRUE,FALSE,FALSE,FALSE,FALSE,TRUE,TRUE,TRUE,FALSE,FALSE,FALSE,TRUE,TRUE,FALSE,FALSE,,56
32,Micronesia,FALSE,TRUE,FALSE,TRUE,FALSE,TRUE,TRUE,FALSE,TRUE,FALSE,FALSE,FALSE,TRUE,TRUE,FALSE,TRUE,TRUE,FALSE,TRUE,,57
33,Polynesia,FALSE,TRUE,FALSE,FALSE,FALSE,FALSE,TRUE,TRUE,FALSE,FALSE,TRUE,TRUE,FALSE,TRUE,TRUE,TRUE,FALSE,FALSE,FALSE,,61
34,Central and Southern Asia,TRUE,FALSE,FALSE,FALSE,FALSE,FALSE,TRUE,FALSE,FALSE,FALSE,FALSE,FALSE,TRUE,FALSE,FALSE,TRUE,TRUE,FALSE,TRUE,,62
35,Bhutan,TRUE,FALSE,TRUE,TRUE,TRUE,TRUE,FALSE,FALSE,FALSE,FALSE,TRUE,TRUE,TRUE,TRUE,FALSE,TRUE,FALSE,TRUE,TRUE,,64
36,Bolivia (Plurinational State of),TRUE,TRUE,TRUE,FALSE,FALSE,TRUE,FALSE,FALSE,FALSE,FALSE,FALSE,FALSE,FALSE,TRUE,FALSE,TRUE,FALSE,FALSE,FALSE,,68
37,Bosnia and Herzegovina,FALSE,FALSE,TRUE,FALSE,TRUE,FALSE,TRUE,FALSE,FALSE,FALSE,TRUE,TRUE,FALSE,TRUE,FALSE,TRUE,TRUE,TRUE,TRUE,,70
38,Botswana,TRUE,TRUE,FALSE,FALSE,FALSE,FALSE,FALSE,FALSE,FALSE,FALSE,FALSE,FALSE,FALSE,TRUE,TRUE,TRUE,FALSE,TRUE,FALSE,,72
39,Brazil,TRUE,FALSE,FALSE,TRUE,FALSE,FALSE,FALSE,FALSE,FALSE,FALSE,FALSE,FALSE,FALSE,TRUE,FALSE,TRUE,FALSE,TRUE,FALSE,,76
40,Belize,FALSE,TRUE,FALSE,FALSE,FALSE,TRUE,FALSE,FALSE,FALSE,FALSE,TRUE,TRUE,FALSE,TRUE,FALSE,TRUE,FALSE,FALSE,FALSE,,84
41,Solomon Islands,FALSE,FALSE,FALSE,FALSE,FALSE,TRUE,TRUE,FALSE,FALSE,FALSE,FALSE,TRUE,TRUE,TRUE,TRUE,TRUE,TRUE,TRUE,FALSE,,90
42,Brunei Darussalam,FALSE,FALSE,FALSE,FALSE,TRUE,TRUE,FALSE,FALSE,FALSE,FALSE,FALSE,TRUE,FALSE,FALSE,TRUE,TRUE,TRUE,FALSE,TRUE,,96
43,Bulgaria,TRUE,FALSE,FALSE,FALSE,TRUE,TRUE,TRUE,TRUE,TRUE,FALSE,TRUE,FALSE,FALSE,TRUE,FALSE,FALSE,TRUE,FALSE,FALSE,,100
44,Myanmar,TRUE,FALSE,TRUE,FALSE,TRUE,TRUE,FALSE,FALSE,FALSE,FALSE,TRUE,TRUE,FALSE,TRUE,FALSE,FALSE,TRUE,FALSE,FALSE,,104
45,Burundi,TRUE,FALSE,FALSE,FALSE,TRUE,FALSE,FALSE,FALSE,TRUE,TRUE,FALSE,FALSE,FALSE,TRUE,FALSE,TRUE,FALSE,FALSE,FALSE,,108
46,Belarus,TRUE,TRUE,FALSE,FALSE,FALSE,FALSE,TRUE,TRUE,TRUE,FALSE,FALSE,TRUE,FALSE,TRUE,FALSE,TRUE,TRUE,TRUE,FALSE,,112
47,Cambodia,TRUE,FALSE,FALSE,TRUE,TRUE,FALSE,FALSE,FALSE,FALSE,FALSE,FALSE,FALSE,FALSE,FALSE,FALSE,TRUE,FALSE,FALSE,FALSE,,116
48,Cameroon,FALSE,TRUE,TRUE,FALSE,TRUE,FALSE,FALSE,FALSE,FALSE,FALSE,TRUE,TRUE,FALSE,TRUE,FALSE,TRUE,FALSE,FALSE,FALSE,,120
49,Canada,FALSE,FALSE,FALSE,FALSE,FALSE,FALSE,FALSE,FALSE,FALSE,FALSE,FALSE,FALSE,FALSE,TRUE,FALSE,FALSE,TRUE,FALSE,TRUE,,124
50,Cabo Verde,FALSE,TRUE,FALSE,FALSE,FALSE,TRUE,FALSE,FALSE,FALSE,FALSE,FALSE,FALSE,TRUE,FALSE,FALSE,FALSE,TRUE,FALSE,TRUE,,132
51,Central African Republic,TRUE,TRUE,FALSE,TRUE,TRUE,FALSE,FALSE,FALSE,FALSE,FALSE,TRUE,TRUE,FALSE,TRUE,FALSE,TRUE,TRUE,FALSE,TRUE,,140
52,Central Asia,FALSE,TRUE,FALSE,FALSE,TRUE,TRUE,FALSE,FALSE,FALSE,FALSE,FALSE,FALSE,FALSE,TRUE,TRUE,TRUE,FALSE,FALSE,TRUE,,143
53,Sri Lanka,FALSE,TRUE,FALSE,TRUE,TRUE,FALSE,FALSE,FALSE,FALSE,FALSE,FALSE,FALSE,FALSE,TRUE,FALSE,TRUE,FALSE,TRUE,TRUE,,144
54,Western Asia,FALSE,FALSE,TRUE,FALSE,TRUE,FALSE,FALSE,FALSE,FALSE,FALSE,FALSE,FALSE,FALSE,TRUE,FALSE,TRUE,TRUE,TRUE,TRUE,,145
55,Chad,TRUE,TRUE,FALSE,FALSE,TRUE,TRUE,TRUE,FALSE,FALSE,FALSE,FALSE,FALSE,FALSE,TRUE,TRUE,FALSE,TRUE,TRUE,FALSE,,148
56,Europe,TRUE,TRUE,FALSE,FALSE,FALSE,TRUE,FALSE,FALSE,TRUE,FALSE,FALSE,FALSE,FALSE,TRUE,FALSE,FALSE,FALSE,TRUE,FALSE,,150
57,Eastern Europe,TRUE,TRUE,FALSE,FALSE,TRUE,FALSE,TRUE,FALSE,FALSE,FALSE,FALSE,FALSE,FALSE,TRUE,FALSE,FALSE,TRUE,TRUE,FALSE,,151
58,Chile,TRUE,FALSE,FALSE,FALSE,TRUE,FALSE,TRUE,TRUE,FALSE,FALSE,TRUE,TRUE,FALSE,FALSE,TRUE,FALSE,TRUE,TRUE,FALSE,,152
59,Northern Europe,TRUE,FALSE,FALSE,FALSE,TRUE,TRUE,FALSE,FALSE,FALSE,FALSE,FALSE,FALSE,FALSE,FALSE,FALSE,FALSE,TRUE,FALSE,TRUE,,154
60,Western Europe,TRUE,FALSE,FALSE,FALSE,TRUE,TRUE,FALSE,FALSE,FALSE,FALSE,FALSE,FALSE,FALSE,FALSE,TRUE,FALSE,TRUE,FALSE,FALSE,,155
61,China,FALSE,TRUE,FALSE,FALSE,TRUE,TRUE,FALSE,FALSE,FALSE,FALSE,FALSE,FALSE,TRUE,FALSE,FALSE,TRUE,TRUE,FALSE,FALSE,,156
62,Colombia,FALSE,FALSE,FALSE,TRUE,FALSE,FALSE,TRUE,FALSE,FALSE,FALSE,FALSE,FALSE,TRUE,TRUE,FALSE,TRUE,TRUE,FALSE,FALSE,,170
63,Comoros,TRUE,FALSE,FALSE,FALSE,TRUE,TRUE,FALSE,FALSE,FALSE,FALSE,TRUE,TRUE,FALSE,TRUE,FALSE,TRUE,TRUE,TRUE,FALSE,,174
64,Congo,FALSE,FALSE,FALSE,FALSE,TRUE,FALSE,FALSE,FALSE,FALSE,FALSE,FALSE,FALSE,FALSE,TRUE,FALSE,TRUE,TRUE,FALSE,FALSE,,178
65,Democratic Republic of the Congo,FALSE,TRUE,TRUE,FALSE,TRUE,TRUE,FALSE,FALSE,FALSE,FALSE,FALSE,FALSE,FALSE,TRUE,TRUE,TRUE,TRUE,FALSE,FALSE,,180
66,Costa Rica,TRUE,TRUE,FALSE,FALSE,TRUE,TRUE,TRUE,TRUE,FALSE,FALSE,FALSE,FALSE,TRUE,FALSE,FALSE,TRUE,FALSE,FALSE,TRUE,,188
67,Croatia,TRUE,FALSE,FALSE,FALSE,TRUE,TRUE,FALSE,FALSE,FALSE,FALSE,TRUE,TRUE,FALSE,FALSE,TRUE,TRUE,TRUE,FALSE,FALSE,,191
68,Cuba,TRUE,FALSE,FALSE,FALSE,TRUE,TRUE,FALSE,FALSE,FALSE,FALSE,FALSE,FALSE,TRUE,FALSE,FALSE,TRUE,TRUE,FALSE,FALSE,,192
69,Cyprus,TRUE,TRUE,FALSE,FALSE,TRUE,FALSE,FALSE,FALSE,FALSE,FALSE,FALSE,FALSE,TRUE,TRUE,FALSE,FALSE,FALSE,FALSE,FALSE,,196
70,Least Developed Countries (LDCs),TRUE,FALSE,FALSE,FALSE,TRUE,TRUE,TRUE,FALSE,FALSE,FALSE,FALSE,FALSE,FALSE,FALSE,FALSE,FALSE,TRUE,TRUE,FALSE,,199
71,Sub-Saharan Africa,FALSE,FALSE,FALSE,TRUE,FALSE,FALSE,FALSE,FALSE,FALSE,FALSE,FALSE,FALSE,FALSE,FALSE,FALSE,FALSE,FALSE,FALSE,FALSE,,202
72,Czechia,FALSE,TRUE,FALSE,TRUE,TRUE,TRUE,FALSE,FALSE,TRUE,FALSE,TRUE,FALSE,FALSE,TRUE,FALSE,TRUE,TRUE,FALSE,FALSE,,203
73,Benin,TRUE,FALSE,TRUE,TRUE,FALSE,FALSE,FALSE,FALSE,FALSE,FALSE,FALSE,FALSE,FALSE,FALSE,FALSE,TRUE,TRUE,FALSE,TRUE,,204
74,Denmark,TRUE,TRUE,FALSE,TRUE,TRUE,FALSE,FALSE,FALSE,FALSE,FALSE,FALSE,FALSE,FALSE,FALSE,FALSE,TRUE,TRUE,FALSE,FALSE,,208
75,Dominican Republic,FALSE,TRUE,TRUE,FALSE,FALSE,FALSE,FALSE,FALSE,FALSE,FALSE,FALSE,FALSE,FALSE,TRUE,FALSE,FALSE,TRUE,FALSE,FALSE,,214
76,Ecuador,TRUE,FALSE,FALSE,FALSE,FALSE,TRUE,FALSE,FALSE,FALSE,FALSE,FALSE,FALSE,TRUE,FALSE,FALSE,TRUE,TRUE,FALSE,FALSE,,218
77,El Salvador,TRUE,FALSE,TRUE,FALSE,FALSE,FALSE,FALSE,FALSE,FALSE,FALSE,FALSE,FALSE,FALSE,FALSE,FALSE,TRUE,FALSE,TRUE,TRUE,,222
78,Equatorial Guinea,TRUE,TRUE,FALSE,FALSE,FALSE,TRUE,TRUE,FALSE,FALSE,FALSE,FALSE,FALSE,TRUE,TRUE,FALSE,TRUE,TRUE,FALSE,FALSE,,226
79,Ethiopia,FALSE,FALSE,TRUE,FALSE,FALSE,FALSE,FALSE,FALSE,FALSE,FALSE,FALSE,FALSE,FALSE,FALSE,FALSE,TRUE,TRUE,FALSE,FALSE,,231
80,Eritrea,FALSE,FALSE,FALSE,FALSE,TRUE,TRUE,FALSE,FALSE,FALSE,FALSE,TRUE,TRUE,FALSE,FALSE,FALSE,TRUE,TRUE,FALSE,FALSE,,232
81,Estonia,FALSE,TRUE,FALSE,FALSE,FALSE,TRUE,FALSE,FALSE,FALSE,FALSE,FALSE,FALSE,FALSE,FALSE,FALSE,TRUE,FALSE,TRUE,FALSE,,233
82,Fiji,FALSE,FALSE,FALSE,FALSE,FALSE,FALSE,FALSE,FALSE,FALSE,FALSE,TRUE,TRUE,FALSE,FALSE,,TRUE,TRUE,TRUE,FALSE,,242
83,Finland,TRUE,TRUE,FALSE,TRUE,TRUE,FALSE,FALSE,FALSE,FALSE,FALSE,FALSE,FALSE,FALSE,TRUE,,TRUE,TRUE,FALSE,FALSE,,246
84,France,TRUE,TRUE,FALSE,FALSE,FALSE,FALSE,TRUE,TRUE,TRUE,FALSE,TRUE,TRUE,FALSE,TRUE,,FALSE,TRUE,FALSE,FALSE,,250
85,Djibouti,TRUE,TRUE,TRUE,FALSE,FALSE,FALSE,FALSE,FALSE,FALSE,FALSE,FALSE,FALSE,FALSE,TRUE,,TRUE,TRUE,FALSE,FALSE,,262
86,Gabon,TRUE,TRUE,TRUE,FALSE,TRUE,TRUE,FALSE,FALSE,FALSE,FALSE,TRUE,TRUE,TRUE,TRUE,,TRUE,TRUE,FALSE,TRUE,,266
87,Georgia,FALSE,FALSE,FALSE,TRUE,FALSE,FALSE,FALSE,FALSE,FALSE,FALSE,FALSE,FALSE,TRUE,TRUE,,TRUE,TRUE,FALSE,FALSE,,268
88,Gambia,TRUE,FALSE,FALSE,FALSE,TRUE,TRUE,TRUE,TRUE,TRUE,FALSE,FALSE,FALSE,TRUE,FALSE,,TRUE,TRUE,FALSE,TRUE,,270
89,State of Palestine,FALSE,TRUE,TRUE,FALSE,FALSE,TRUE,FALSE,FALSE,FALSE,FALSE,FALSE,FALSE,FALSE,FALSE,,TRUE,TRUE,FALSE,TRUE,,275
90,Germany,TRUE,TRUE,FALSE,FALSE,TRUE,TRUE,FALSE,FALSE,TRUE,FALSE,FALSE,FALSE,FALSE,TRUE,,TRUE,TRUE,TRUE,TRUE,,276
91,Ghana,TRUE,FALSE,FALSE,FALSE,FALSE,FALSE,TRUE,TRUE,FALSE,FALSE,FALSE,FALSE,TRUE,FALSE,,FALSE,TRUE,FALSE,FALSE,,288
92,Kiribati,TRUE,FALSE,TRUE,FALSE,TRUE,FALSE,FALSE,FALSE,TRUE,FALSE,FALSE,FALSE,FALSE,FALSE,,FALSE,TRUE,TRUE,TRUE,,296
93,Greece,FALSE,TRUE,FALSE,FALSE,FALSE,TRUE,FALSE,FALSE,FALSE,FALSE,FALSE,FALSE,FALSE,FALSE,,TRUE,TRUE,TRUE,TRUE,,300
94,Grenada,TRUE,TRUE,FALSE,FALSE,FALSE,FALSE,TRUE,TRUE,FALSE,FALSE,FALSE,TRUE,TRUE,TRUE,,TRUE,TRUE,TRUE,TRUE,,308
95,Guatemala,TRUE,TRUE,TRUE,FALSE,FALSE,TRUE,FALSE,FALSE,FALSE,FALSE,FALSE,FALSE,TRUE,TRUE,,TRUE,FALSE,FALSE,FALSE,,320
96,Guinea,TRUE,TRUE,FALSE,TRUE,FALSE,FALSE,TRUE,TRUE,TRUE,FALSE,FALSE,FALSE,TRUE,TRUE,,TRUE,TRUE,FALSE,FALSE,,324
97,Guyana,FALSE,FALSE,FALSE,TRUE,TRUE,FALSE,FALSE,FALSE,FALSE,FALSE,TRUE,FALSE,FALSE,FALSE,,TRUE,TRUE,TRUE,FALSE,,328
98,Haiti,TRUE,TRUE,FALSE,FALSE,FALSE,FALSE,FALSE,FALSE,FALSE,FALSE,FALSE,FALSE,FALSE,TRUE,,TRUE,FALSE,TRUE,FALSE,,332
99,Honduras,TRUE,FALSE,FALSE,FALSE,TRUE,FALSE,FALSE,FALSE,TRUE,FALSE,FALSE,FALSE,FALSE,TRUE,,FALSE,FALSE,TRUE,FALSE,,340
100,Hungary,TRUE,TRUE,TRUE,FALSE,TRUE,TRUE,TRUE,TRUE,FALSE,FALSE,TRUE,TRUE,TRUE,FALSE,,TRUE,TRUE,FALSE,TRUE,,348
101,Iceland,FALSE,FALSE,TRUE,FALSE,FALSE,FALSE,FALSE,FALSE,FALSE,FALSE,FALSE,FALSE,FALSE,TRUE,,FALSE,TRUE,FALSE,TRUE,,352
102,India,TRUE,TRUE,TRUE,FALSE,FALSE,TRUE,FALSE,FALSE,FALSE,FALSE,FALSE,TRUE,FALSE,TRUE,,TRUE,TRUE,FALSE,TRUE,,356
103,Indonesia,TRUE,TRUE,FALSE,FALSE,TRUE,FALSE,FALSE,FALSE,FALSE,FALSE,TRUE,TRUE,TRUE,TRUE,,FALSE,TRUE,FALSE,FALSE,,360
104,Iran (Islamic Republic of),TRUE,TRUE,FALSE,FALSE,TRUE,FALSE,FALSE,TRUE,TRUE,FALSE,,,TRUE,TRUE,,FALSE,TRUE,FALSE,FALSE,,364
105,Iraq,FALSE,TRUE,FALSE,TRUE,FALSE,FALSE,FALSE,FALSE,FALSE,FALSE,,,FALSE,TRUE,,FALSE,FALSE,TRUE,TRUE,,368
106,Ireland,TRUE,TRUE,FALSE,FALSE,FALSE,FALSE,FALSE,FALSE,FALSE,FALSE,,,FALSE,TRUE,,TRUE,TRUE,FALSE,FALSE,,372
107,Israel,FALSE,FALSE,FALSE,FALSE,TRUE,TRUE,FALSE,FALSE,FALSE,FALSE,,,FALSE,TRUE,,FALSE,TRUE,TRUE,FALSE,,376
108,Italy,FALSE,FALSE,FALSE,TRUE,FALSE,FALSE,FALSE,FALSE,FALSE,FALSE,,,FALSE,TRUE,,TRUE,TRUE,TRUE,FALSE,,380
109,Côte d'Ivoire,FALSE,TRUE,FALSE,TRUE,TRUE,FALSE,FALSE,FALSE,TRUE,FALSE,,,FALSE,TRUE,,TRUE,FALSE,FALSE,TRUE,,384
110,Jamaica,TRUE,TRUE,FALSE,FALSE,TRUE,TRUE,TRUE,TRUE,FALSE,FALSE,,,TRUE,FALSE,,TRUE,FALSE,FALSE,FALSE,,388
111,Japan,TRUE,TRUE,TRUE,FALSE,FALSE,FALSE,FALSE,FALSE,FALSE,FALSE,,,FALSE,FALSE,,FALSE,FALSE,TRUE,FALSE,,392
112,Kazakhstan,FALSE,TRUE,FALSE,FALSE,FALSE,TRUE,FALSE,FALSE,TRUE,FALSE,,,TRUE,FALSE,,TRUE,FALSE,FALSE,FALSE,,398
113,Jordan,FALSE,TRUE,FALSE,FALSE,TRUE,FALSE,FALSE,FALSE,FALSE,FALSE,,,FALSE,FALSE,,TRUE,FALSE,FALSE,FALSE,,400
114,Kenya,TRUE,FALSE,FALSE,FALSE,FALSE,FALSE,FALSE,FALSE,FALSE,FALSE,,,FALSE,TRUE,,TRUE,TRUE,FALSE,TRUE,,404
115,Democratic People's Republic of Korea,TRUE,FALSE,FALSE,FALSE,FALSE,FALSE,TRUE,TRUE,FALSE,FALSE,,,TRUE,FALSE,,TRUE,TRUE,TRUE,FALSE,,408
116,Republic of Korea,FALSE,TRUE,FALSE,TRUE,FALSE,TRUE,FALSE,FALSE,TRUE,FALSE,,,FALSE,FALSE,,TRUE,TRUE,FALSE,TRUE,,410
117,Kuwait,TRUE,FALSE,FALSE,FALSE,FALSE,FALSE,FALSE,FALSE,TRUE,FALSE,,,FALSE,TRUE,,TRUE,TRUE,FALSE,FALSE,,414
118,Kyrgyzstan,FALSE,TRUE,FALSE,FALSE,FALSE,FALSE,FALSE,FALSE,TRUE,FALSE,,,FALSE,TRUE,,TRUE,TRUE,FALSE,TRUE,,417
119,Lao People's Democratic Republic,TRUE,TRUE,FALSE,TRUE,FALSE,FALSE,FALSE,FALSE,TRUE,FALSE,,,FALSE,TRUE,,TRUE,TRUE,FALSE,FALSE,,418
120,Latin America and the Caribbean,FALSE,FALSE,FALSE,FALSE,FALSE,FALSE,FALSE,FALSE,FALSE,FALSE,,,TRUE,FALSE,,TRUE,TRUE,FALSE,TRUE,,419
121,Lebanon,TRUE,TRUE,TRUE,FALSE,FALSE,TRUE,FALSE,FALSE,FALSE,FALSE,,,FALSE,TRUE,,FALSE,TRUE,FALSE,FALSE,,422
122,Lesotho,TRUE,TRUE,FALSE,FALSE,FALSE,TRUE,TRUE,FALSE,FALSE,FALSE,,,TRUE,FALSE,,FALSE,TRUE,TRUE,FALSE,,426
123,Latvia,TRUE,FALSE,FALSE,FALSE,TRUE,FALSE,FALSE,FALSE,FALSE,FALSE,,,FALSE,TRUE,,TRUE,TRUE,FALSE,FALSE,,428
124,Liberia,FALSE,TRUE,TRUE,FALSE,FALSE,FALSE,TRUE,TRUE,FALSE,FALSE,,,FALSE,TRUE,,TRUE,FALSE,TRUE,FALSE,,430
125,Landlocked developing countries (LLDCs),TRUE,TRUE,TRUE,FALSE,TRUE,FALSE,FALSE,FALSE,FALSE,FALSE,,,FALSE,TRUE,,FALSE,TRUE,FALSE,FALSE,,432
126,Libya,TRUE,FALSE,FALSE,FALSE,TRUE,TRUE,FALSE,FALSE,FALSE,FALSE,,,FALSE,FALSE,,TRUE,TRUE,TRUE,TRUE,,434
127,Lithuania,TRUE,TRUE,FALSE,FALSE,TRUE,TRUE,TRUE,FALSE,FALSE,FALSE,,,TRUE,TRUE,,TRUE,TRUE,FALSE,TRUE,,440
128,Luxembourg,FALSE,FALSE,TRUE,FALSE,FALSE,TRUE,TRUE,FALSE,FALSE,FALSE,,,TRUE,FALSE,,TRUE,TRUE,FALSE,FALSE,,442
129,Madagascar,FALSE,FALSE,FALSE,FALSE,FALSE,FALSE,FALSE,FALSE,FALSE,FALSE,,,FALSE,FALSE,,FALSE,TRUE,FALSE,FALSE,,450
130,Malawi,FALSE,TRUE,FALSE,FALSE,FALSE,FALSE,FALSE,FALSE,FALSE,FALSE,,,FALSE,TRUE,,FALSE,FALSE,FALSE,FALSE,,454
131,Malaysia,TRUE,FALSE,FALSE,FALSE,FALSE,FALSE,FALSE,FALSE,TRUE,FALSE,,,FALSE,FALSE,,FALSE,FALSE,FALSE,FALSE,,458
132,Maldives,TRUE,TRUE,TRUE,FALSE,TRUE,FALSE,FALSE,FALSE,TRUE,FALSE,,,FALSE,TRUE,,TRUE,TRUE,FALSE,FALSE,,462
133,Mali,TRUE,TRUE,FALSE,FALSE,TRUE,TRUE,FALSE,FALSE,FALSE,FALSE,,,FALSE,FALSE,,FALSE,FALSE,TRUE,FALSE,,466
134,Malta,FALSE,FALSE,FALSE,TRUE,TRUE,TRUE,FALSE,FALSE,TRUE,FALSE,,,FALSE,FALSE,,TRUE,FALSE,TRUE,FALSE,,470
135,Mauritania,FALSE,FALSE,FALSE,TRUE,TRUE,TRUE,FALSE,FALSE,FALSE,FALSE,,,TRUE,FALSE,,TRUE,,FALSE,FALSE,,478
136,Mauritius,FALSE,FALSE,FALSE,FALSE,TRUE,TRUE,FALSE,FALSE,TRUE,FALSE,,,TRUE,TRUE,,FALSE,,FALSE,FALSE,,480
137,Mexico,TRUE,FALSE,FALSE,TRUE,TRUE,FALSE,FALSE,FALSE,FALSE,FALSE,,,FALSE,TRUE,,TRUE,,FALSE,TRUE,,484
138,Mongolia,TRUE,TRUE,FALSE,TRUE,TRUE,TRUE,FALSE,FALSE,FALSE,FALSE,,,FALSE,FALSE,,TRUE,,FALSE,TRUE,,496
139,Republic of Moldova,TRUE,TRUE,FALSE,FALSE,TRUE,FALSE,FALSE,FALSE,FALSE,FALSE,,,FALSE,TRUE,,FALSE,,FALSE,FALSE,,498
140,Montenegro,TRUE,FALSE,FALSE,FALSE,FALSE,TRUE,FALSE,FALSE,TRUE,FALSE,,,TRUE,FALSE,,TRUE,,FALSE,FALSE,,499
141,Morocco,TRUE,FALSE,TRUE,FALSE,TRUE,TRUE,FALSE,FALSE,FALSE,FALSE,,,FALSE,TRUE,,FALSE,,FALSE,TRUE,,504
142,Mozambique,TRUE,TRUE,TRUE,FALSE,FALSE,FALSE,FALSE,FALSE,FALSE,FALSE,,,TRUE,FALSE,,FALSE,,FALSE,FALSE,,508
143,Oman,TRUE,FALSE,TRUE,TRUE,TRUE,FALSE,FALSE,FALSE,FALSE,FALSE,,,FALSE,TRUE,,TRUE,,FALSE,FALSE,,512
144,Europe and Northern America,FALSE,TRUE,TRUE,FALSE,TRUE,TRUE,FALSE,FALSE,TRUE,FALSE,,,TRUE,FALSE,,TRUE,,TRUE,TRUE,,513
145,Namibia,TRUE,FALSE,FALSE,FALSE,FALSE,FALSE,FALSE,FALSE,TRUE,FALSE,,,FALSE,FALSE,,TRUE,,FALSE,FALSE,,516
146,Nepal,TRUE,FALSE,TRUE,FALSE,TRUE,TRUE,FALSE,FALSE,TRUE,FALSE,,,TRUE,TRUE,,FALSE,,FALSE,TRUE,,524
147,Netherlands,TRUE,TRUE,FALSE,FALSE,FALSE,FALSE,FALSE,FALSE,TRUE,FALSE,,,FALSE,TRUE,,TRUE,,FALSE,FALSE,,528
148,Oceania (exc. Australia and New Zealand),FALSE,TRUE,FALSE,FALSE,FALSE,TRUE,FALSE,FALSE,TRUE,FALSE,,,TRUE,TRUE,,TRUE,,TRUE,FALSE,,543
149,Vanuatu,TRUE,FALSE,FALSE,FALSE,FALSE,TRUE,FALSE,FALSE,FALSE,FALSE,,,TRUE,TRUE,,FALSE,,FALSE,FALSE,,548
150,New Zealand,TRUE,FALSE,FALSE,FALSE,TRUE,TRUE,FALSE,FALSE,TRUE,FALSE,,,FALSE,TRUE,,FALSE,,FALSE,TRUE,,554
151,Nicaragua,FALSE,FALSE,TRUE,FALSE,FALSE,TRUE,FALSE,FALSE,FALSE,FALSE,,,FALSE,FALSE,,FALSE,,TRUE,FALSE,,558
152,Niger,TRUE,TRUE,FALSE,TRUE,FALSE,TRUE,TRUE,TRUE,FALSE,FALSE,,,FALSE,FALSE,,FALSE,,FALSE,FALSE,,562
153,Nigeria,TRUE,TRUE,FALSE,FALSE,TRUE,FALSE,TRUE,TRUE,FALSE,FALSE,,,TRUE,TRUE,,FALSE,,TRUE,FALSE,,566
154,Norway,TRUE,TRUE,FALSE,FALSE,TRUE,TRUE,TRUE,TRUE,FALSE,FALSE,,,TRUE,TRUE,,TRUE,,FALSE,FALSE,,578
155,Micronesia (Federated States of),TRUE,FALSE,FALSE,FALSE,,TRUE,TRUE,TRUE,TRUE,FALSE,,,TRUE,TRUE,,TRUE,,FALSE,TRUE,,583
156,Pakistan,TRUE,FALSE,TRUE,FALSE,,TRUE,FALSE,FALSE,TRUE,FALSE,,,TRUE,TRUE,,TRUE,,FALSE,TRUE,,586
157,Panama,TRUE,TRUE,,TRUE,,FALSE,FALSE,FALSE,FALSE,FALSE,,,FALSE,TRUE,,TRUE,,TRUE,TRUE,,591
158,Papua New Guinea,TRUE,TRUE,,FALSE,,TRUE,TRUE,TRUE,FALSE,FALSE,,,FALSE,FALSE,,TRUE,,FALSE,TRUE,,598
159,Paraguay,TRUE,TRUE,,FALSE,,TRUE,TRUE,FALSE,FALSE,FALSE,,,FALSE,FALSE,,FALSE,,FALSE,FALSE,,600
160,Peru,TRUE,FALSE,,TRUE,,TRUE,FALSE,FALSE,FALSE,FALSE,,,FALSE,TRUE,,FALSE,,FALSE,FALSE,,604
161,Philippines,TRUE,FALSE,,FALSE,,FALSE,FALSE,FALSE,FALSE,FALSE,,,TRUE,TRUE,,TRUE,,FALSE,TRUE,,608
162,Poland,FALSE,TRUE,,FALSE,,TRUE,TRUE,FALSE,FALSE,FALSE,,,FALSE,FALSE,,FALSE,,TRUE,TRUE,,616
163,Portugal,TRUE,FALSE,,FALSE,,TRUE,FALSE,FALSE,TRUE,FALSE,,,TRUE,TRUE,,TRUE,,TRUE,FALSE,,620
164,Guinea-Bissau,TRUE,FALSE,,FALSE,,FALSE,FALSE,FALSE,TRUE,FALSE,,,FALSE,FALSE,,TRUE,,FALSE,TRUE,,624
165,Timor-Leste,FALSE,FALSE,,FALSE,,TRUE,FALSE,FALSE,FALSE,FALSE,,,FALSE,FALSE,,FALSE,,FALSE,FALSE,,626
166,Puerto Rico,TRUE,FALSE,,FALSE,,TRUE,FALSE,FALSE,FALSE,FALSE,,,FALSE,FALSE,,TRUE,,TRUE,FALSE,,630
167,Qatar,FALSE,FALSE,,FALSE,,TRUE,FALSE,FALSE,FALSE,FALSE,,,TRUE,FALSE,,FALSE,,FALSE,TRUE,,634
168,Romania,TRUE,FALSE,,FALSE,,FALSE,TRUE,TRUE,FALSE,FALSE,,,FALSE,FALSE,,FALSE,,FALSE,FALSE,,642
169,Russian Federation,TRUE,TRUE,,FALSE,,FALSE,FALSE,FALSE,FALSE,FALSE,,,FALSE,FALSE,,TRUE,,TRUE,FALSE,,643
170,Rwanda,FALSE,FALSE,,TRUE,,TRUE,TRUE,FALSE,TRUE,FALSE,,,TRUE,TRUE,,TRUE,,TRUE,FALSE,,646
171,Saint Lucia,TRUE,TRUE,,FALSE,,FALSE,FALSE,FALSE,FALSE,FALSE,,,FALSE,TRUE,,FALSE,,FALSE,TRUE,,662
172,Saint Vincent and the Grenadines,TRUE,TRUE,,FALSE,,FALSE,FALSE,FALSE,FALSE,FALSE,,,FALSE,TRUE,,TRUE,,FALSE,TRUE,,670
173,Sao Tome and Principe,TRUE,TRUE,,TRUE,,TRUE,FALSE,FALSE,FALSE,FALSE,,,FALSE,TRUE,,FALSE,,TRUE,FALSE,,678
174,Saudi Arabia,FALSE,FALSE,,FALSE,,FALSE,FALSE,FALSE,FALSE,FALSE,,,TRUE,FALSE,,TRUE,,FALSE,FALSE,,682
175,Senegal,TRUE,TRUE,,FALSE,,FALSE,FALSE,FALSE,TRUE,FALSE,,,TRUE,TRUE,,TRUE,,TRUE,,,686
176,Serbia,FALSE,TRUE,,FALSE,,TRUE,FALSE,FALSE,FALSE,FALSE,,,FALSE,TRUE,,FALSE,,FALSE,,,688
177,Seychelles,TRUE,TRUE,,TRUE,,TRUE,TRUE,TRUE,TRUE,FALSE,,,FALSE,TRUE,,TRUE,,FALSE,,,690
178,Sierra Leone,TRUE,TRUE,,TRUE,,TRUE,FALSE,FALSE,FALSE,FALSE,,,FALSE,FALSE,,FALSE,,FALSE,,,694
179,Singapore,FALSE,FALSE,,FALSE,,TRUE,FALSE,FALSE,FALSE,FALSE,,,FALSE,TRUE,,TRUE,,TRUE,,,702
180,Slovakia,FALSE,TRUE,,TRUE,,FALSE,FALSE,FALSE,FALSE,FALSE,,,FALSE,FALSE,,FALSE,,TRUE,,,703
181,Viet Nam,FALSE,TRUE,,TRUE,,FALSE,TRUE,FALSE,TRUE,FALSE,,,TRUE,TRUE,,TRUE,,FALSE,,,704
182,Slovenia,TRUE,FALSE,,FALSE,,TRUE,FALSE,FALSE,FALSE,FALSE,,,FALSE,TRUE,,FALSE,,FALSE,,,705
183,Somalia,TRUE,TRUE,,FALSE,,FALSE,FALSE,FALSE,FALSE,FALSE,,,FALSE,TRUE,,FALSE,,,,,706
184,South Africa,TRUE,TRUE,,FALSE,,FALSE,FALSE,FALSE,TRUE,FALSE,,,FALSE,FALSE,,FALSE,,,,,710
185,Zimbabwe,TRUE,TRUE,,TRUE,,FALSE,FALSE,FALSE,FALSE,FALSE,,,FALSE,TRUE,,TRUE,,,,,716
186,Small island developing States (SIDS),TRUE,TRUE,,TRUE,,TRUE,FALSE,FALSE,FALSE,TRUE,,,FALSE,TRUE,,TRUE,,,,,722
187,Spain,FALSE,FALSE,,FALSE,,TRUE,TRUE,FALSE,FALSE,FALSE,,,TRUE,FALSE,,FALSE,,,,,724
188,South Sudan,FALSE,TRUE,,FALSE,,TRUE,FALSE,FALSE,FALSE,FALSE,,,FALSE,TRUE,,,,,,,728
189,Sudan,FALSE,FALSE,,FALSE,,FALSE,FALSE,FALSE,FALSE,FALSE,,,FALSE,TRUE,,,,,,,729
190,Suriname,TRUE,FALSE,,TRUE,,FALSE,FALSE,FALSE,FALSE,FALSE,,,FALSE,FALSE,,,,,,,740
191,Northern Africa and Western Asia,TRUE,FALSE,,TRUE,,FALSE,FALSE,FALSE,FALSE,FALSE,,,FALSE,FALSE,,,,,,,747
192,Eswatini,TRUE,FALSE,,FALSE,,TRUE,TRUE,FALSE,FALSE,FALSE,,,TRUE,FALSE,,,,,,,748
193,Sweden,TRUE,TRUE,,FALSE,,TRUE,TRUE,FALSE,FALSE,FALSE,,,TRUE,FALSE,,,,,,,752
194,Eastern and South-Eastern Asia,TRUE,TRUE,,FALSE,,TRUE,FALSE,FALSE,FALSE,FALSE,,,FALSE,FALSE,,,,,,,753
195,Switzerland,TRUE,TRUE,,TRUE,,TRUE,TRUE,TRUE,TRUE,FALSE,,,FALSE,FALSE,,,,,,,756
196,Syrian Arab Republic,FALSE,TRUE,,FALSE,,TRUE,FALSE,FALSE,FALSE,TRUE,,,FALSE,FALSE,,,,,,,760
197,Tajikistan,TRUE,TRUE,,FALSE,,FALSE,FALSE,FALSE,FALSE,FALSE,,,TRUE,FALSE,,,,,,,762
198,Thailand,TRUE,TRUE,,FALSE,,FALSE,FALSE,FALSE,FALSE,FALSE,,,FALSE,FALSE,,,,,,,764
199,Togo,TRUE,FALSE,,FALSE,,FALSE,FALSE,FALSE,FALSE,FALSE,,,FALSE,TRUE,,,,,,,768
200,Tonga,TRUE,FALSE,,FALSE,,FALSE,FALSE,FALSE,FALSE,FALSE,,,FALSE,FALSE,,,,,,,776
201,Trinidad and Tobago,TRUE,TRUE,,TRUE,,FALSE,FALSE,FALSE,FALSE,FALSE,,,TRUE,FALSE,,,,,,,780
202,United Arab Emirates,FALSE,FALSE,,FALSE,,FALSE,FALSE,FALSE,FALSE,FALSE,,,FALSE,TRUE,,,,,,,784
203,Tunisia,TRUE,,,FALSE,,FALSE,TRUE,FALSE,FALSE,FALSE,,,FALSE,TRUE,,,,,,,788
204,Turkey,TRUE,,,FALSE,,FALSE,FALSE,FALSE,,FALSE,,,FALSE,FALSE,,,,,,,792
205,Turkmenistan,TRUE,,,FALSE,,FALSE,FALSE,FALSE,,FALSE,,,FALSE,TRUE,,,,,,,795
206,Uganda,FALSE,,,FALSE,,,FALSE,FALSE,,FALSE,,,FALSE,TRUE,,,,,,,800
207,Ukraine,TRUE,,,FALSE,,,FALSE,FALSE,,FALSE,,,FALSE,TRUE,,,,,,,804
208,North Macedonia,TRUE,,,FALSE,,,FALSE,FALSE,,FALSE,,,FALSE,TRUE,,,,,,,807
209,Egypt,TRUE,,,FALSE,,,FALSE,FALSE,,FALSE,,,TRUE,TRUE,,,,,,,818
210,United Kingdom of Great Britain and Northern Ireland,TRUE,,,FALSE,,,FALSE,FALSE,,FALSE,,,TRUE,FALSE,,,,,,,826
211,United Republic of Tanzania,FALSE,,,TRUE,,,,,,,,,,TRUE,,,,,,,834
212,United States of America,TRUE,,,FALSE,,,,,,,,,,TRUE,,,,,,,840
213,Burkina Faso,FALSE,,,FALSE,,,,,,,,,,FALSE,,,,,,,854
214,Uruguay,TRUE,,,FALSE,,,,,,,,,,TRUE,,,,,,,858
215,Uzbekistan,TRUE,,,FALSE,,,,,,,,,,FALSE,,,,,,,860
216,Venezuela (Bolivarian Republic of),FALSE,,,FALSE,,,,,,,,,,TRUE,,,,,,,862
217,Samoa,FALSE,,,TRUE,,,,,,,,,,TRUE,,,,,,,882
218,Yemen,FALSE,,,FALSE,,,,,,,,,,TRUE,,,,,,,887
219,Zambia,FALSE,,,FALSE,,,,,,,,,,TRUE,,,,,,,894
220,Andorra,,,,FALSE,,,,,,,,,,FALSE,,,,,,,20
221,Cook Islands,,,,FALSE,,,,,,,,,,TRUE,,,,,,,184
222,Dominica,,,,FALSE,,,,,,,,,,FALSE,,,,,,,212
223,Nauru,,,,TRUE,,,,,,,,,,TRUE,,,,,,,520
224,Niue,,,,FALSE,,,,,,,,,,TRUE,,,,,,,570
225,Marshall Islands,,,,FALSE,,,,,,,,,,TRUE,,,,,,,584
226,Palau,,,,FALSE,,,,,,,,,,TRUE,,,,,,,585
227,Saint Kitts and Nevis,,,,FALSE,,,,,,,,,,FALSE,,,,,,,659
228,Tuvalu,,,,FALSE,,,,,,,,,,TRUE,,,,,,,798
229,American Samoa,,,,FALSE,,,,,,,,,,FALSE,,,,,,,16
230,Bermuda,,,,FALSE,,,,,,,,,,FALSE,,,,,,,60
231,British Virgin Islands,,,,TRUE,,,,,,,,,,TRUE,,,,,,,92
232,Cayman Islands,,,,FALSE,,,,,,,,,,TRUE,,,,,,,136
233,French Polynesia,,,,FALSE,,,,,,,,,,FALSE,,,,,,,258
234,Greenland,,,,FALSE,,,,,,,,,,FALSE,,,,,,,304
235,Guam,,,,FALSE,,,,,,,,,,FALSE,,,,,,,316
236,"China, Hong Kong Special Administrative Region",,,,TRUE,,,,,,,,,,TRUE,,,,,,,344
237,"China, Macao Special Administrative Region",,,,,,,,,,,,,,FALSE,,,,,,,446
238,Monaco,,,,,,,,,,,,,,TRUE,,,,,,,492
239,Montserrat,,,,,,,,,,,,,,FALSE,,,,,,,500
240,Curaçao,,,,,,,,,,,,,,,,,,,,,531
241,Aruba,,,,,,,,,,,,,,,,,,,,,533
242,Sint Maarten (Dutch part),,,,,,,,,,,,,,,,,,,,,534
243,"Bonaire, Sint Eustatius and Saba",,,,,,,,,,,,,,,,,,,,,535
244,New Caledonia,,,,,,,,,,,,,,,,,,,,,540
245,Northern Mariana Islands,,,,,,,,,,,,,,,,,,,,,580
246,Anguilla,,,,,,,,,,,,,,,,,,,,,660
247,San Marino,,,,,,,,,,,,,,,,,,,,,674
248,Tokelau,,,,,,,,,,,,,,,,,,,,,772
249,Turks and Caicos Islands,,,,,,,,,,,,,,,,,,,,,796
250,Wallis and Futuna Islands,,,,,,,,,,,,,,,,,,,,,876
251,Africa,,,,,,,,,,,,,,,,,,,,,2
252,Americas,,,,,,,,,,,,,,,,,,,,,19
253,Caucasus and Central Asia,,,,,,,,,,,,,,,,,,,,,135
254,Asia,,,,,,,,,,,,,,,,,,,,,142
255,Mayotte,,,,,,,,,,,,,,,,,,,,,175
256,French Guiana,,,,,,,,,,,,,,,,,,,,,254
257,"Western Asia (exc. Armenia, Azerbaijan, Cyprus, Israel and Georgia)",,,,,,,,,,,,,,,,,,,,,485
258,"Developed regions (Europe, Cyprus, Israel, Northern America, Japan, Australia & New Zealand)",,,,,,,,,,,,,,,,,,,,,514
259,Developing regions,,,,,,,,,,,,,,,,,,,,,515
260,Eastern Asia (excluding Japan),,,,,,,,,,,,,,,,,,,,,518
261,Sudan [former],,,,,,,,,,,,,,,,,,,,,736
262,Sub-Saharan Africa (inc. Sudan),,,,,,,,,,,,,,,,,,,,,738
263,Northern Africa (exc. Sudan),,,,,,,,,,,,,,,,,,,,,746
264,Southern Asia (excluding India),,,,,,,,,,,,,,,,,,,,,127
265,Eastern Asia (excluding Japan and China),,,,,,,,,,,,,,,,,,,,,223
266,ODA residual,,,,,,,,,,,,,,,,,,,,,921
