,Indicator,SeriesCode,SeriesDescription,Units
0,3.1.1,SH_STA_MORT,Maternal mortality ratio,PER_100000_LIVE_BIRTHS
3960,3.1.2,SH_STA_BRTC,Proportion of births attended by skilled health personnel (%),PERCENT
6495,3.2.1,SH_DYN_IMRT,"Infant mortality rate (deaths per 1,000 live births)",PER_1000_LIVE_BIRTHS
20715,3.2.1,SH_DYN_IMRTN,Infant deaths (number),NUMBER
32415,3.2.1,SH_DYN_MORT,"Under-five mortality rate, by sex (deaths per 1,000 live births)",PER_1000_LIVE_BIRTHS
46635,3.2.1,SH_DYN_MORTN,Under-five deaths (number),NUMBER
58335,3.2.2,SH_DYN_NMRT,"Neonatal mortality rate (deaths per 1,000 live births)",PER_1000_LIVE_BIRTHS
63075,3.2.2,SH_DYN_NMRTN,Neonatal deaths (number),NUMBER
66975,3.3.1,SH_HIV_INCD,"Number of new HIV infections per 1,000 uninfected population, by sex and age (per 1,000 uninfected population)",PER_1000_UNINFECTED_POP
103043,3.3.2,SH_TBS_INCD,"Tuberculosis incidence (per 100,000 population)",PER_100000_POP
107482,3.3.3,SH_STA_MALR,"Malaria incidence per 1,000 population at risk (per 1,000 population)",PER_1000_POP
109187,3.3.4,SH_HAP_HBSAG,Prevalence of hepatitis B surface antigen (HBsAg) (%),PERCENT
109382,3.3.5,SH_TRP_INTVN,Number of people requiring interventions against neglected tropical diseases (number),NUMBER
111236,3.4.1,SH_DTH_NCD,"Number of deaths attributed to non-communicable diseases, by type of disease and sex (number)",NUMBER
123896,3.4.1,SH_DTH_NCOM,"Mortality rate attributed to cardiovascular disease, cancer, diabetes or chronic respiratory disease (probability)",PERCENT
127061,3.4.2,SH_STA_SCIDE,"Suicide mortality rate, by sex (deaths per 100,000 population)",PER_100000_POP
130226,3.4.2,SH_STA_SCIDEN,"Number of deaths attributed to suicide, by sex (number)",NUMBER
133391,3.5.1,SH_SUD_ALCOL,"Alcohol use disorders, 12-month prevalence (%)",PERCENT
133961,3.5.1,SH_SUD_TREAT,"Coverage of treatment interventions (pharmacological, psychosocial and rehabilitation and aftercare services) for substance use disorders (%)",PERCENT
134041,3.5.2,SH_ALC_CONSPT,Alcohol consumption per capita (aged 15 years and older) within a calendar year (litres of pure alcohol),LTPUREAL
137503,3.6.1,SH_STA_TRAF,"Death rate due to road traffic injuries (per 100,000 population)",PER_100000_POP
138523,3.7.1,SH_FPL_MTMM,Proportion of women of reproductive age (aged 15-49 years) who have their need for family planning satisfied with modern methods (% of women aged 15-49 years),PERCENT
139016,3.7.2,SP_DYN_ADKL,"Adolescent birth rate (per 1,000 women aged 15-19 years)",PER_1000_POP
141642,3.8.1,SH_ACS_UNHC,Universal health coverage (UHC) service coverage index,INDEX
142697,3.8.2,SH_XPD_EARN10,Proportion of population with large household expenditures on health (greater than 10%) as a share of total household expenditure or income (%),PERCENT
143332,3.8.2,SH_XPD_EARN25,Proportion of population with large household expenditures on health (greater than 25%) as a share of total household expenditure or income (%),PERCENT
143967,3.9.1,SH_AAP_ASMORT,"Age-standardized mortality rate attributed to ambient air pollution (deaths per 100,000 population)",PER_100000_POP
144185,3.9.1,SH_AAP_MORT,"Crude death rate attributed to ambient air pollution (deaths per 100,000 population)",PER_100000_POP
144404,3.9.1,SH_HAP_ASMORT,"Age-standardized mortality rate attributed to household air pollution (deaths per 100,000 population)",PER_100000_POP
144587,3.9.1,SH_HAP_MORT,"Crude death rate attributed to household air pollution (deaths per 100,000 population)",PER_100000_POP
144771,3.9.1,SH_STA_AIRP,"Crude death rate attributed to household and ambient air pollution (deaths per 100,000 population)",PER_100000_POP
144990,3.9.1,SH_STA_ASAIRP,"Age-standardized mortality rate attributed to household and ambient air pollution (deaths per 100,000 population)",PER_100000_POP
145208,3.9.2,SH_STA_WASH,"Mortality rate attributed to unsafe water, unsafe sanitation and lack of hygiene (deaths per 100,000 population)",PER_100000_POP
145419,3.9.3,SH_STA_POISN,"Mortality rate attributed to unintentional poisonings, by sex (deaths per 100,000 population)",PER_100000_POP
148584,3.a.1,SH_PRV_SMOK,"Age-standardized prevalence of current tobacco use among persons aged 15 years and older, by sex (%)",PERCENT
152112,3.b.1,SH_ACS_DTP3,Proportion of the target population with access to 3 doses of diphtheria-tetanus-pertussis (DTP3) (%),PERCENT
156653,3.b.1,SH_ACS_HPV,"Proportion of the target population with access to affordable medicines and vaccines on a sustainable basis, human papillomavirus (HPV) (%)",PERCENT
157444,3.b.1,SH_ACS_MCV2,Proportion of the target population with access to measles-containing-vaccine second-dose (MCV2) (%),PERCENT
160624,3.b.1,SH_ACS_PCV3,Proportion of the target population with access to pneumococcal conjugate 3rd dose (PCV3) (%),PERCENT
162075,3.b.2,DC_TOF_HLTHL,"Total official development assistance to medical research and basic heath sectors, gross disbursement, by recipient countries (millions of constant 2018 United States dollars)",CON_USD
165317,3.b.2,DC_TOF_HLTHNT,"Total official development assistance to medical research and basic heath sectors, net disbursement, by recipient countries (millions of constant 2018 United States dollars)",CON_USD
166886,3.b.3,SH_HLF_EMED,Proportion of health facilities that have a core set of relevant essential medicines available and affordable on a sustainable basis (%),PERCENT
166923,3.c.1,SH_MED_DEN,"Health worker density, by type of occupation (per 10,000 population)",PER_10000_POP
174272,3.c.1,SH_MED_HWRKDIS,"Health worker distribution, by sex and type of occupation (%)",PERCENT
176700,3.d.1,SH_IHR_CAPS,"International Health Regulations (IHR) capacity, by type of IHR capacity (%)",PERCENT
196856,3.d.2,SH_BLD_ECOLI,"Percentage of bloodstream infection due to Escherichia coli resistant to 3rd-generation cephalosporin (e.g., ESBL- E. coli) among patients seeking care and whose blood sample is taken and tested (%)",PERCENT
196927,3.d.2,SH_BLD_MRSA,Percentage of bloodstream infection due to methicillin-resistant Staphylococcus aureus (MRSA) among patients seeking care and whose blood sample is taken and tested (%),PERCENT
