Indicator,SeriesCode,Target_Type,Target_Value,Ceiling_Floor
3.1.1,SH_STA_MORT,abs,70,Floor
3.1.2,SH_STA_BRTC,abs,100,Ceiling
3.3.1,SH_HIV_INCD,abs,0,Floor
3.3.2,SH_TBS_INCD,abs,0,Floor
3.3.3,SH_STA_MALR,abs,0,Floor
3.3.5,SH_TRP_INTVN,abs,0,Floor
3.4.2,SH_STA_SCIDE,rel,0.666666667,Floor
3.4.2,SH_STA_SCIDEN,rel,0.666666667,Floor
3.6.1,SH_STA_TRAF,rel,0.5,Floor
3.8.1,SH_ACS_UNHC,abs,100,Ceiling
3.8.2,SH_XPD_EARN10,rel,0.666666667,Floor
3.8.2,SH_XPD_EARN25,rel,0.666666667,Floor
3.9.3,SH_STA_POISN,rel,0.5,Floor
3.b.1,SH_ACS_DTP3,abs,90,Ceiling
3.b.1,SH_ACS_HPV,abs,90,Ceiling
3.b.1,SH_ACS_MCV2,abs,90,Ceiling
3.b.1,SH_ACS_PCV3,abs,90,Ceiling
3.b.2,DC_TOF_HLTHL,rel,2,Ceiling
3.b.2,DC_TOF_HLTHNT,rel,2,Ceiling
3.b.3,SH_HLF_EMED,abs,90,Ceiling
